ACCOUNT_ID,CUST_ID,BANK_ID,EMP_ID,ACCOUNT_TYPE,BALANCE,OPENING_DATE
1,7132,5,18,Checking,34962.13,2025-05-11
2,5972,3,48,Current,39853.72,2024-01-30
3,399,2,14,Savings,20011.95,2023-08-28
4,6382,3,50,Current,28020.71,2024-05-27
5,7695,5,1,Savings,7952.87,2024-05-07
6,4515,5,16,Current,30343.76,2025-01-07
7,2585,4,30,Current,19095.76,2023-09-24
8,678,3,29,Savings,18652.91,2023-12-16
9,1533,1,33,Fixed Deposit,34801.77,2024-08-21
10,2801,3,16,Current,24233.14,2025-04-11
11,3913,2,44,Current,46281.41,2025-04-10
12,7409,2,19,Savings,24788.23,2025-01-11
13,7121,4,32,Savings,1350.41,2024-09-05
14,2704,3,36,Current,21767.68,2023-08-19
15,6612,4,8,Checking,18518.59,2025-05-18
16,1915,5,10,Checking,22109.69,2025-05-02
17,7146,5,32,Current,32777.71,2024-02-21
18,3582,4,25,Fixed Deposit,49049.45,2024-07-18
19,1752,1,45,Savings,17015.71,2025-05-26
20,4076,3,24,Current,26407.14,2024-07-18
21,89,2,23,Fixed Deposit,9738.47,2024-06-22
22,335,4,24,Fixed Deposit,21780.75,2023-12-06
23,6741,4,48,Savings,28730.67,2023-11-19
24,4332,4,11,Current,8996.19,2024-09-26
25,7568,5,33,Fixed Deposit,38278.34,2024-11-14
26,863,5,42,Fixed Deposit,1751.29,2024-08-26
27,1836,5,26,Savings,25293.07,2023-09-18
28,2134,1,41,Fixed Deposit,20255.28,2024-12-01
29,6679,1,34,Current,20330.53,2024-09-25
30,1775,2,11,Checking,26273.87,2024-11-04
31,1754,1,36,Current,10390.84,2024-12-10
32,7749,2,35,Savings,46284.68,2025-06-23
33,2324,3,16,Savings,39936.42,2024-09-23
34,6955,3,17,Fixed Deposit,19966.16,2024-07-06
35,2648,2,37,Checking,40982.38,2024-04-18
36,815,5,47,Checking,16628.98,2025-07-19
37,4352,4,4,Checking,44593.2,2023-10-17
38,3472,4,46,Savings,27980.68,2023-09-07
39,4739,3,19,Current,44344.18,2023-09-03
40,7706,4,3,Savings,29775.85,2023-09-30
41,7510,1,11,Savings,17683.25,2024-04-08
42,3702,5,9,Current,1235.82,2023-09-16
43,5141,2,18,Fixed Deposit,43904.14,2023-08-20
44,4342,5,43,Checking,26665.82,2025-03-25
45,1377,2,47,Checking,47300.45,2024-01-06
46,7075,1,24,Fixed Deposit,10520.1,2024-07-24
47,5131,5,19,Fixed Deposit,32884.35,2023-09-24
48,5643,4,16,Savings,48108.1,2025-06-28
49,1387,5,50,Savings,24350.71,2024-07-06
50,1144,5,36,Savings,34858.34,2023-12-31
51,7985,1,23,Checking,10298.83,2025-01-13
52,7316,1,41,Savings,12454.91,2023-09-03
53,5890,1,28,Checking,39649.12,2025-01-03
54,1067,1,3,Current,22864.46,2025-03-02
55,4621,3,20,Checking,6513.09,2023-09-03
56,6050,1,19,Current,14446.48,2025-05-24
57,1714,2,39,Current,22115.85,2024-12-11
58,124,4,12,Fixed Deposit,47758.9,2024-11-28
59,1717,4,10,Fixed Deposit,15148.28,2024-04-08
60,5057,2,17,Savings,14847.39,2023-10-30
61,1452,2,22,Checking,15072.11,2024-03-19
62,5040,1,47,Savings,26908.73,2023-09-23
63,5391,5,6,Fixed Deposit,6151.01,2024-03-01
64,4241,4,18,Checking,14477.2,2024-02-09
65,5718,5,44,Savings,32745.81,2024-12-28
66,2751,5,39,Savings,37119.94,2024-04-30
67,5868,1,50,Current,33685.97,2024-09-11
68,2555,3,14,Fixed Deposit,24809.59,2024-05-24
69,31,2,22,Checking,31301.03,2023-12-08
70,2980,5,40,Fixed Deposit,33999.46,2024-07-12
71,2922,3,43,Fixed Deposit,3569.86,2023-12-26
72,4767,3,27,Checking,7169.59,2025-01-23
73,6727,2,3,Checking,2548.28,2025-01-15
74,325,3,23,Checking,19291.23,2025-02-19
75,3672,1,11,Fixed Deposit,45496.29,2024-10-30
76,1401,5,10,Savings,41798.38,2024-04-05
77,6574,3,4,Fixed Deposit,5675.26,2025-05-24
78,1098,4,16,Current,37044.79,2023-11-11
79,7800,3,32,Savings,29613.97,2023-10-27
80,3914,2,29,Checking,5643.77,2023-10-27
81,6516,5,43,Checking,28553.31,2025-03-19
82,2512,4,21,Savings,49564.18,2023-10-12
83,6005,1,7,Checking,10007.67,2024-07-21
84,6912,1,4,Checking,14756.19,2025-07-14
85,396,3,27,Fixed Deposit,46231.93,2025-01-03
86,3142,5,33,Savings,13762.6,2025-01-05
87,5785,1,43,Checking,48027.3,2025-07-09
88,2665,1,19,Fixed Deposit,29463.02,2025-07-11
89,1411,4,20,Savings,49393.36,2025-01-30
90,5023,4,21,Savings,48730.06,2024-06-12
91,7376,4,46,Checking,27575.44,2024-07-13
92,2920,3,36,Savings,10230.13,2023-10-09
93,2550,4,21,Savings,34386.07,2025-04-08
94,3255,5,39,Checking,12645.12,2023-11-13
95,1491,1,27,Fixed Deposit,32066.63,2024-11-20
96,191,1,1,Fixed Deposit,18504.33,2024-04-01
97,2395,4,46,Checking,9712.71,2023-10-16
98,182,4,15,Savings,25802.61,2025-07-30
99,4415,5,12,Checking,16869.68,2024-06-10
100,559,2,48,Savings,24377.92,2023-12-11
101,2290,4,1,Savings,47032.77,2024-09-15
102,1283,5,27,Checking,21285.25,2024-04-15
103,4145,3,28,Checking,4347.72,2023-12-09
104,3265,2,10,Current,44929.28,2024-04-25
105,3609,1,39,Checking,36215.55,2025-02-23
106,4216,5,35,Current,40952.89,2024-01-03
107,4323,3,20,Checking,29349.8,2024-09-12
108,4862,2,27,Current,42887.92,2024-02-03
109,6416,2,44,Savings,33036.56,2025-05-27
110,4959,2,1,Checking,43037.75,2023-11-26
111,5126,4,38,Checking,1095.67,2023-12-08
112,4587,5,17,Fixed Deposit,37177.72,2025-05-14
113,4307,2,17,Checking,14403.58,2023-09-11
114,4133,3,29,Savings,26531.96,2025-01-11
115,2260,2,13,Fixed Deposit,10359.61,2024-05-03
116,1070,3,39,Checking,9876.52,2025-01-13
117,5772,4,28,Checking,30211.83,2025-01-16
118,1538,5,50,Fixed Deposit,48645.25,2024-12-04
119,6763,3,29,Savings,5203.09,2023-10-06
120,6381,1,5,Checking,35402.66,2025-03-10
121,245,4,49,Savings,36836.21,2024-12-27
122,4879,1,18,Fixed Deposit,19830.27,2024-01-28
123,2521,4,42,Current,26976.01,2023-09-01
124,4099,5,35,Checking,9518.75,2025-02-04
125,5370,3,4,Savings,23409.49,2025-01-22
126,2397,5,36,Fixed Deposit,8214.17,2024-04-05
127,315,4,18,Fixed Deposit,49377.45,2025-04-24
128,4539,2,4,Checking,40738.2,2025-02-18
129,6979,4,23,Current,26974.04,2025-04-22
130,272,1,20,Savings,25807.83,2024-10-18
131,3914,3,32,Current,3846.63,2025-02-01
132,68,3,35,Checking,2788.97,2024-01-20
133,1634,5,13,Fixed Deposit,7410.19,2023-12-18
134,7718,5,27,Fixed Deposit,1844.31,2024-10-17
135,6423,1,47,Savings,1816.87,2024-01-10
136,3164,2,29,Current,48999.9,2025-06-04
137,5591,3,33,Checking,46427.34,2025-07-13
138,670,5,21,Checking,34694.73,2024-12-14
139,2473,5,8,Current,31870.8,2024-08-30
140,7391,5,32,Savings,14438.7,2023-08-25
141,3246,1,10,Checking,45497.64,2024-02-17
142,2502,5,35,Savings,18085.45,2023-10-06
143,7227,3,34,Savings,3159.72,2025-01-07
144,5489,4,4,Savings,17865.35,2024-04-21
145,2374,2,38,Fixed Deposit,29857.14,2024-03-10
146,3090,1,11,Savings,26560.87,2024-07-10
147,15,2,23,Checking,30085.0,2024-01-21
148,1305,3,7,Current,21186.84,2025-05-15
149,239,5,35,Savings,44294.55,2024-11-15
150,5952,3,24,Current,26827.34,2024-05-06
151,3585,1,5,Checking,32510.35,2024-04-07
152,550,3,1,Fixed Deposit,23559.76,2023-09-04
153,2072,2,22,Checking,30708.95,2024-01-30
154,2634,3,30,Checking,36436.11,2023-12-18
155,5085,5,24,Fixed Deposit,27105.56,2024-07-23
156,5676,3,20,Savings,15578.32,2024-06-04
157,3114,3,34,Checking,9098.16,2025-05-14
158,5380,5,4,Current,3944.61,2023-09-17
159,4792,5,30,Savings,49455.27,2023-09-24
160,1944,5,49,Current,7852.54,2025-06-28
161,6407,5,33,Checking,7594.88,2025-01-20
162,5133,1,11,Savings,43372.64,2024-11-03
163,6580,3,35,Fixed Deposit,189.92,2023-10-15
164,169,3,44,Fixed Deposit,16701.14,2024-12-10
165,7890,4,23,Fixed Deposit,24850.13,2024-06-21
166,5944,2,17,Fixed Deposit,13644.58,2025-04-30
167,63,5,6,Current,48134.42,2025-07-16
168,5319,3,10,Checking,18577.48,2023-09-25
169,6653,5,42,Savings,41330.74,2023-09-08
170,4414,5,48,Checking,30904.32,2025-05-23
171,337,1,27,Savings,36729.14,2025-02-01
172,2026,2,50,Checking,14637.87,2025-04-07
173,3305,5,32,Fixed Deposit,34465.19,2025-08-01
174,57,4,13,Current,46791.44,2023-09-28
175,2327,5,24,Current,29332.1,2024-08-15
176,512,4,24,Savings,44005.05,2025-02-07
177,3129,2,32,Current,8592.97,2025-05-15
178,2063,2,16,Current,17910.05,2025-03-17
179,7889,1,31,Savings,29622.93,2024-01-21
180,6043,5,44,Current,4168.0,2025-07-08
181,3084,4,22,Current,5283.69,2024-11-29
182,3784,2,38,Fixed Deposit,18849.83,2024-05-23
183,6317,2,37,Fixed Deposit,43266.22,2023-10-20
184,5103,1,20,Fixed Deposit,807.91,2023-11-16
185,5575,2,26,Checking,21384.42,2023-11-15
186,3582,5,28,Fixed Deposit,22027.55,2024-02-18
187,1610,5,29,Checking,48865.72,2025-06-27
188,5541,5,38,Current,40395.94,2025-03-07
189,3908,2,42,Current,1610.59,2024-04-14
190,412,3,24,Current,47575.42,2024-10-30
191,7419,1,44,Current,39651.1,2024-11-24
192,5628,3,7,Fixed Deposit,36440.19,2024-04-19
193,6202,1,35,Checking,27045.47,2025-02-23
194,4445,5,40,Current,25027.35,2024-07-16
195,6116,5,26,Fixed Deposit,27962.84,2025-03-13
196,3950,1,40,Checking,38536.24,2023-09-25
197,5704,4,27,Current,37371.62,2024-01-22
198,5302,2,43,Fixed Deposit,27652.24,2025-04-18
199,4561,5,19,Fixed Deposit,2773.17,2025-05-12
200,7936,1,43,Savings,39187.0,2024-02-05
201,5010,1,37,Fixed Deposit,2487.69,2025-07-06
202,6417,3,17,Current,37932.69,2024-10-04
203,6584,1,24,Savings,40921.86,2025-04-19
204,5922,1,50,Current,35638.49,2024-05-15
205,6932,3,4,Current,20708.1,2024-09-20
206,3849,4,44,Checking,4590.02,2025-01-05
207,4928,1,49,Checking,12354.67,2023-10-09
208,3702,5,5,Fixed Deposit,6660.33,2024-11-12
209,1142,1,16,Savings,26529.86,2023-10-13
210,5475,1,44,Savings,34940.42,2024-05-06
211,7726,1,23,Fixed Deposit,5453.54,2025-05-04
212,5627,5,47,Savings,14479.98,2024-04-28
213,7099,5,19,Current,32684.23,2023-10-29
214,64,3,6,Checking,7281.55,2024-05-14
215,4224,4,17,Checking,23370.89,2024-03-17
216,5721,4,16,Savings,45231.52,2025-06-12
217,6732,3,23,Current,32847.29,2023-12-27
218,4946,1,47,Checking,1429.25,2024-03-22
219,5093,2,42,Checking,48827.47,2024-12-17
220,2949,5,3,Checking,27943.55,2025-04-16
221,4273,2,27,Checking,19224.47,2024-07-25
222,348,2,36,Checking,44318.85,2024-04-03
223,5838,2,4,Fixed Deposit,36370.88,2024-04-14
224,2996,4,37,Savings,14958.02,2024-10-31
225,1395,5,28,Current,24899.73,2025-03-15
226,7233,5,21,Savings,9646.1,2025-04-22
227,6110,4,13,Checking,28707.95,2023-10-27
228,4822,1,34,Checking,39320.01,2023-09-15
229,3249,3,21,Current,47491.08,2024-08-24
230,2450,2,39,Current,14967.83,2025-03-14
231,2655,2,21,Savings,6256.66,2024-09-21
232,1142,4,7,Current,31420.13,2024-02-03
233,5236,1,29,Current,39160.69,2024-07-27
234,2109,5,32,Checking,18174.68,2024-06-11
235,4275,5,11,Fixed Deposit,35097.32,2024-07-21
236,7137,4,28,Current,19350.81,2024-09-03
237,5343,1,47,Savings,39534.27,2025-06-05
238,5643,5,16,Current,3468.05,2025-02-15
239,6932,3,8,Savings,40551.02,2025-01-23
240,1659,4,22,Checking,15569.76,2024-08-02
241,7320,3,11,Current,4678.75,2024-05-30
242,6849,5,40,Checking,48776.38,2025-03-15
243,387,1,50,Current,23277.29,2025-01-23
244,674,4,13,Fixed Deposit,46448.79,2024-05-21
245,6918,5,2,Savings,9785.84,2024-02-16
246,1394,4,26,Current,43171.74,2024-05-26
247,7599,3,24,Fixed Deposit,10429.84,2024-10-19
248,4453,2,6,Fixed Deposit,667.36,2024-06-08
249,5228,3,41,Checking,24122.35,2024-06-30
250,3418,1,12,Savings,44476.13,2024-03-23
251,16,1,30,Savings,40669.42,2023-10-24
252,3828,1,1,Savings,39664.97,2025-07-24
253,2359,3,21,Savings,13486.51,2025-07-10
254,7918,1,14,Checking,18403.46,2025-04-16
255,2294,3,4,Checking,36000.92,2024-07-24
256,3188,3,5,Current,14105.3,2025-07-03
257,4196,4,19,Savings,10698.83,2024-04-02
258,4652,3,21,Fixed Deposit,24537.29,2023-11-13
259,6892,5,43,Fixed Deposit,7571.39,2025-07-15
260,3772,1,49,Checking,22614.62,2025-02-22
261,2797,3,26,Checking,15662.67,2024-09-25
262,6741,2,43,Current,29505.66,2025-06-15
263,3150,5,23,Checking,7365.41,2024-01-09
264,5898,3,49,Fixed Deposit,14394.59,2023-09-18
265,4652,2,14,Fixed Deposit,17226.07,2024-11-20
266,7176,3,31,Current,2874.23,2024-06-07
267,3100,3,8,Fixed Deposit,38606.87,2025-06-04
268,1235,3,42,Savings,13282.56,2025-07-28
269,2622,3,39,Savings,44403.45,2025-06-13
270,5853,4,9,Fixed Deposit,8814.55,2024-09-09
271,6037,5,48,Savings,3290.31,2024-06-22
272,3589,5,14,Fixed Deposit,21927.19,2024-10-20
273,7903,2,17,Savings,18617.74,2024-03-24
274,383,1,19,Fixed Deposit,5472.84,2024-11-28
275,853,4,21,Fixed Deposit,32008.94,2023-10-08
276,5963,2,3,Checking,46200.64,2024-06-08
277,2002,3,28,Fixed Deposit,14749.07,2024-02-22
278,1244,3,37,Savings,36950.14,2023-10-13
279,4714,5,50,Fixed Deposit,48546.57,2024-12-31
280,1622,2,3,Current,6064.55,2024-02-09
281,351,2,9,Savings,4454.93,2025-01-08
282,2697,4,37,Fixed Deposit,14187.47,2024-08-29
283,2635,2,46,Checking,37153.53,2024-03-01
284,2348,2,26,Checking,4066.01,2024-06-07
285,3974,2,45,Checking,9949.52,2025-05-21
286,4682,4,10,Fixed Deposit,14520.9,2024-12-30
287,81,3,12,Fixed Deposit,19833.81,2024-06-04
288,4058,5,49,Current,8039.68,2023-10-03
289,2566,5,37,Checking,26811.92,2024-07-30
290,4545,5,5,Fixed Deposit,7264.44,2025-05-11
291,2083,3,16,Checking,8294.23,2024-08-26
292,5590,4,10,Savings,32389.46,2024-03-23
293,890,5,14,Fixed Deposit,27716.04,2025-07-11
294,1068,1,29,Current,13709.82,2024-08-02
295,23,3,8,Current,2942.74,2025-05-02
296,1009,4,41,Current,24826.12,2024-04-15
297,6528,3,4,Current,30320.14,2024-10-10
298,2032,5,6,Current,49379.65,2025-03-23
299,5300,4,11,Current,5909.62,2024-11-03
300,4506,3,35,Current,40476.24,2024-12-15
301,2063,4,2,Checking,32353.6,2024-09-08
302,1239,5,34,Savings,30172.79,2025-03-01
303,3341,4,37,Current,17449.59,2024-03-25
304,6979,2,24,Current,38749.23,2024-03-30
305,6737,2,48,Current,28843.26,2025-02-17
306,3711,3,35,Fixed Deposit,26775.4,2024-05-29
307,3478,4,20,Current,29813.07,2025-03-18
308,7242,1,33,Checking,42076.26,2024-06-16
309,2228,1,37,Current,39269.6,2025-06-30
310,5871,3,4,Fixed Deposit,41730.72,2023-12-04
311,4456,4,6,Fixed Deposit,49374.16,2023-10-14
312,3007,3,3,Savings,30867.76,2024-02-13
313,1077,5,31,Checking,13616.92,2023-08-24
314,6172,5,48,Checking,19071.48,2024-08-12
315,7560,4,37,Savings,9701.13,2023-12-20
316,2234,3,44,Current,33128.85,2024-10-28
317,6665,4,35,Savings,18882.97,2024-09-17
318,2495,3,6,Current,37656.72,2024-03-28
319,5075,1,44,Current,49752.08,2025-03-24
320,4771,3,7,Current,38704.15,2023-09-14
321,7337,4,49,Current,13218.28,2025-04-21
322,3139,5,21,Fixed Deposit,18465.95,2023-09-05
323,3957,4,21,Fixed Deposit,27815.03,2025-01-28
324,5370,1,46,Current,19149.82,2024-02-21
325,7739,4,49,Fixed Deposit,46344.4,2025-04-19
326,1560,4,12,Current,30223.03,2025-01-05
327,3829,2,21,Fixed Deposit,2976.58,2025-06-03
328,2615,5,37,Savings,39685.88,2025-03-28
329,4139,1,32,Savings,16865.05,2025-01-10
330,2295,5,23,Current,23401.33,2023-11-15
331,3963,3,7,Checking,3205.86,2024-07-30
332,1719,1,41,Checking,36937.92,2024-06-11
333,7171,5,22,Checking,45664.2,2024-09-28
334,6580,2,21,Current,10584.51,2024-09-05
335,3457,2,10,Current,15001.17,2023-08-07
336,5192,5,39,Savings,12613.82,2025-04-10
337,3178,1,47,Current,13111.02,2024-12-03
338,2810,1,23,Checking,19375.23,2024-10-24
339,7549,1,29,Fixed Deposit,29668.26,2024-08-11
340,7402,1,31,Current,47365.04,2023-11-08
341,803,3,40,Savings,46732.71,2025-01-14
342,588,4,34,Current,17161.16,2023-10-06
343,4081,2,46,Current,19825.99,2023-08-17
344,5520,2,46,Fixed Deposit,31837.3,2025-03-22
345,5149,2,24,Fixed Deposit,34227.52,2023-09-05
346,5784,4,50,Current,3458.07,2025-03-21
347,3617,5,30,Checking,42623.0,2023-08-06
348,6655,4,45,Current,5477.92,2025-04-08
349,1757,5,8,Current,40452.12,2024-07-21
350,7183,3,22,Savings,47833.51,2023-10-29
351,4341,5,39,Checking,13679.0,2023-11-10
352,6977,2,31,Checking,6559.0,2024-03-25
353,2264,3,31,Savings,6550.52,2025-08-04
354,7357,3,28,Savings,8127.17,2024-10-30
355,2278,2,36,Savings,820.4,2025-05-14
356,1528,1,18,Fixed Deposit,12114.78,2025-02-22
357,224,3,49,Checking,5516.11,2025-02-23
358,2535,3,6,Savings,27184.64,2024-12-29
359,4449,5,1,Fixed Deposit,48626.75,2024-08-27
360,6033,1,45,Checking,43412.08,2024-08-18
361,848,2,42,Current,29461.23,2025-04-04
362,470,2,41,Fixed Deposit,36409.83,2023-10-30
363,5589,1,11,Savings,12498.57,2024-09-26
364,3656,2,26,Current,10259.93,2023-12-22
365,951,3,45,Current,12907.81,2024-05-14
366,7273,4,5,Current,33018.83,2024-05-14
367,7163,4,15,Savings,44331.19,2024-01-31
368,6415,4,46,Fixed Deposit,48413.69,2023-10-16
369,2684,5,19,Savings,5433.17,2024-06-01
370,3440,1,12,Fixed Deposit,10996.65,2025-03-28
371,1169,1,36,Savings,34673.03,2023-11-10
372,1896,4,17,Fixed Deposit,24758.86,2024-11-13
373,7988,5,46,Fixed Deposit,10943.43,2024-05-23
374,3155,2,1,Checking,11649.23,2024-01-08
375,5413,4,4,Fixed Deposit,10657.31,2025-02-11
376,2137,3,32,Fixed Deposit,31962.4,2024-05-19
377,6386,4,17,Checking,22173.99,2024-01-31
378,4222,4,11,Fixed Deposit,9854.43,2025-06-01
379,6401,1,48,Current,7066.21,2025-02-04
380,4862,5,18,Current,1412.63,2024-10-17
381,4850,4,22,Savings,46740.38,2025-03-12
382,2558,1,35,Savings,19075.98,2024-02-29
383,2232,2,4,Checking,35730.38,2024-10-31
384,7949,5,45,Fixed Deposit,14200.26,2025-08-05
385,6587,4,50,Savings,26548.94,2024-11-27
386,4085,4,24,Savings,40586.68,2024-10-14
387,4061,3,49,Savings,49293.91,2024-01-07
388,279,3,30,Fixed Deposit,45876.54,2025-06-05
389,2680,3,5,Current,40655.78,2024-11-08
390,1053,4,11,Current,21338.81,2025-01-21
391,6432,3,31,Current,14219.86,2024-11-05
392,562,3,5,Checking,41676.48,2024-11-02
393,1429,1,25,Fixed Deposit,24959.39,2025-05-01
394,6620,5,15,Checking,49546.08,2025-04-11
395,6328,4,48,Current,24653.06,2025-02-10
396,5265,5,2,Checking,27452.23,2024-08-22
397,6732,5,25,Checking,25240.05,2023-12-18
398,6616,1,23,Savings,3753.69,2025-01-04
399,7503,5,39,Fixed Deposit,9841.41,2025-01-01
400,407,5,28,Checking,12738.63,2023-08-14
401,277,4,48,Fixed Deposit,43275.64,2024-04-04
402,6149,4,15,Fixed Deposit,7774.52,2023-12-20
403,2740,1,14,Fixed Deposit,5456.8,2025-04-15
404,2026,2,18,Current,5633.21,2025-04-28
405,4144,2,5,Savings,49673.63,2024-06-09
406,2101,4,35,Checking,8331.08,2024-10-05
407,7905,1,7,Checking,9268.7,2024-11-10
408,63,3,29,Savings,8210.66,2024-11-07
409,1207,2,11,Fixed Deposit,36920.09,2025-04-10
410,5282,5,23,Checking,21392.74,2025-07-10
411,334,4,12,Fixed Deposit,38823.0,2024-04-13
412,2081,1,10,Savings,12251.1,2024-10-13
413,5771,3,13,Checking,30936.22,2024-08-17
414,1903,3,29,Fixed Deposit,7982.54,2024-11-12
415,1435,1,49,Current,615.31,2024-02-20
416,4964,2,40,Savings,2190.43,2024-04-27
417,3996,4,34,Fixed Deposit,26869.78,2023-11-24
418,5465,3,10,Savings,14164.18,2024-09-12
419,1844,5,12,Checking,38505.69,2024-08-27
420,1923,5,15,Savings,26707.16,2024-06-16
421,5738,4,7,Savings,18790.39,2025-03-19
422,2254,4,3,Savings,9879.03,2025-07-07
423,2827,5,24,Current,13439.99,2024-04-08
424,472,2,43,Checking,14103.3,2025-02-28
425,968,4,24,Fixed Deposit,43259.29,2025-05-01
426,7743,1,45,Checking,42772.41,2024-02-03
427,2989,3,28,Savings,31951.47,2025-04-09
428,7043,5,37,Current,14449.08,2025-06-26
429,2109,2,25,Current,9973.97,2025-05-15
430,102,5,30,Current,30767.54,2025-02-05
431,4446,4,14,Checking,9774.93,2023-08-28
432,6786,4,3,Savings,16490.93,2025-01-04
433,4752,1,5,Fixed Deposit,4752.47,2024-01-27
434,2332,1,35,Fixed Deposit,32089.7,2025-03-24
435,7009,3,22,Checking,9120.2,2024-10-24
436,7843,5,49,Checking,13356.17,2023-09-16
437,5926,1,12,Current,40239.22,2025-04-15
438,4217,3,26,Checking,32590.59,2023-09-22
439,7539,2,45,Current,24816.02,2024-11-24
440,763,2,36,Fixed Deposit,18901.79,2023-09-14
441,4811,2,41,Checking,22046.32,2024-09-05
442,2964,3,23,Savings,24035.97,2024-11-08
443,912,1,31,Current,17771.93,2024-12-16
444,5671,1,5,Savings,4996.28,2024-04-10
445,5548,4,11,Checking,2201.08,2025-05-24
446,1935,5,30,Savings,38804.82,2023-10-12
447,6085,5,40,Fixed Deposit,14166.24,2024-11-30
448,4731,3,44,Fixed Deposit,31820.36,2024-11-10
449,3663,2,7,Checking,49596.88,2024-09-29
450,5874,3,21,Savings,29669.17,2025-06-30
451,4379,3,31,Checking,14554.04,2023-09-29
452,3634,3,41,Fixed Deposit,5083.98,2024-11-05
453,1904,2,5,Current,32515.86,2024-05-03
454,3830,5,32,Checking,43279.19,2025-05-22
455,7026,5,38,Checking,39575.99,2023-08-20
456,5855,4,39,Fixed Deposit,21374.32,2023-11-30
457,2273,3,1,Fixed Deposit,19861.72,2025-05-15
458,620,5,39,Checking,20774.74,2023-08-31
459,4937,5,5,Checking,40370.15,2024-05-16
460,1326,4,26,Checking,19321.8,2024-02-01
461,2967,1,24,Checking,19341.66,2025-07-09
462,721,5,5,Fixed Deposit,41178.18,2025-01-07
463,3368,3,33,Current,46988.09,2023-12-21
464,7945,4,17,Current,23221.34,2023-12-16
465,4309,3,2,Checking,38286.43,2025-01-08
466,2816,2,3,Fixed Deposit,41749.99,2024-06-04
467,5925,4,39,Checking,33543.57,2023-10-11
468,5268,2,36,Savings,33658.44,2024-09-13
469,5841,3,5,Savings,10257.04,2024-04-17
470,4799,3,24,Savings,48147.53,2024-11-12
471,7690,2,33,Fixed Deposit,23485.7,2024-05-12
472,5201,1,38,Savings,33859.05,2024-09-02
473,6246,1,20,Checking,37460.79,2025-02-12
474,829,2,33,Fixed Deposit,40750.13,2023-08-10
475,3521,4,46,Checking,17108.56,2025-06-12
476,2787,2,35,Checking,43368.93,2025-01-13
477,2831,3,24,Checking,536.23,2025-06-16
478,5838,2,6,Fixed Deposit,22525.02,2025-07-01
479,2243,5,16,Checking,9357.88,2023-12-05
480,6057,3,5,Current,33067.82,2024-03-09
481,7162,2,17,Savings,11140.81,2024-02-11
482,1910,2,37,Fixed Deposit,22702.05,2024-10-12
483,2548,3,1,Fixed Deposit,17373.26,2025-05-27
484,4849,4,31,Checking,1612.21,2024-05-14
485,2735,4,6,Checking,38004.56,2024-02-16
486,903,4,48,Savings,18798.67,2025-05-01
487,4810,1,6,Checking,32583.39,2025-08-01
488,1830,3,10,Checking,41395.79,2024-03-24
489,2565,1,36,Checking,9909.39,2025-07-11
490,5775,4,1,Fixed Deposit,6152.15,2024-11-22
491,3656,4,13,Fixed Deposit,39539.44,2025-02-24
492,2150,2,46,Current,37697.54,2025-05-15
493,6186,5,32,Fixed Deposit,31529.4,2023-10-08
494,2392,4,3,Checking,29710.95,2025-02-01
495,2584,2,34,Current,46546.22,2025-06-15
496,4345,4,41,Savings,34803.98,2024-10-13
497,5933,1,14,Savings,9154.95,2024-09-09
498,4142,2,19,Fixed Deposit,40921.69,2024-05-02
499,5978,4,1,Fixed Deposit,47521.31,2025-03-01
500,1065,3,27,Fixed Deposit,47775.98,2023-09-13
501,6247,3,25,Savings,25848.84,2023-11-20
502,6774,1,16,Checking,17856.6,2025-05-31
503,6293,1,35,Savings,252.32,2025-01-07
504,1502,1,29,Fixed Deposit,46935.82,2024-08-01
505,462,5,47,Fixed Deposit,26912.34,2025-03-01
506,4853,4,14,Current,30843.78,2024-04-28
507,2668,2,27,Checking,19483.68,2024-03-19
508,5327,4,5,Fixed Deposit,30811.37,2025-04-21
509,2376,5,23,Current,17747.14,2025-06-19
510,3970,3,45,Fixed Deposit,15221.74,2024-01-11
511,7152,3,5,Current,43077.1,2025-04-30
512,49,5,43,Savings,47107.91,2024-08-12
513,6193,1,28,Fixed Deposit,20905.68,2024-04-24
514,386,3,17,Savings,40378.99,2024-06-10
515,7137,5,20,Checking,47422.05,2024-11-20
516,3449,5,1,Fixed Deposit,21347.18,2025-02-27
517,2755,3,2,Current,44144.17,2024-08-15
518,7951,3,36,Checking,2405.29,2023-08-06
519,3100,5,44,Fixed Deposit,2230.41,2024-10-24
520,1958,1,16,Savings,37938.19,2025-05-13
521,6596,2,26,Current,49339.03,2024-09-12
522,6126,2,19,Current,36544.09,2025-07-10
523,2498,3,28,Current,2590.22,2025-03-10
524,4443,2,34,Savings,31230.25,2024-05-26
525,5543,4,19,Checking,44107.84,2023-08-17
526,2600,5,6,Fixed Deposit,42208.72,2023-09-07
527,7078,5,17,Savings,36802.17,2025-01-28
528,2541,2,23,Current,6045.97,2025-01-21
529,7560,2,18,Current,22355.29,2024-07-05
530,730,2,15,Checking,39880.49,2024-06-10
531,2156,5,6,Checking,9068.49,2023-08-28
532,4819,3,25,Savings,17500.06,2024-09-16
533,2321,1,49,Fixed Deposit,41048.27,2024-11-23
534,6742,1,24,Checking,12896.88,2023-08-14
535,6256,2,7,Current,2062.42,2025-05-31
536,791,3,31,Savings,48359.76,2025-04-29
537,3640,2,24,Current,26250.36,2025-02-05
538,4608,2,2,Savings,46854.84,2024-11-24
539,1774,5,24,Savings,31441.68,2023-12-03
540,5511,5,47,Current,33010.62,2024-11-03
541,157,4,4,Fixed Deposit,48704.89,2024-11-22
542,3807,2,26,Savings,6903.33,2024-09-29
543,6383,2,36,Savings,28605.19,2023-12-10
544,3769,2,42,Current,37923.67,2025-02-01
545,7023,4,33,Fixed Deposit,48610.33,2023-09-19
546,2048,4,45,Checking,33876.62,2024-12-29
547,4634,1,17,Current,12845.3,2023-11-30
548,3315,4,17,Savings,44967.07,2025-02-18
549,1336,3,24,Checking,24956.11,2024-08-05
550,6032,4,49,Current,40009.8,2024-05-27
551,6547,1,1,Savings,13805.56,2024-07-23
552,6836,3,18,Current,17010.75,2023-11-23
553,7388,5,33,Savings,37121.03,2023-09-08
554,7680,5,27,Savings,25263.92,2024-06-10
555,5831,5,2,Fixed Deposit,45445.7,2025-05-30
556,3535,2,11,Savings,17915.48,2023-12-13
557,4268,1,28,Current,49187.21,2024-01-07
558,7789,3,30,Fixed Deposit,39509.31,2024-03-15
559,3534,4,14,Current,24905.21,2024-11-28
560,1852,1,1,Savings,43916.38,2024-10-21
561,5979,5,42,Current,40373.39,2025-04-15
562,2197,1,25,Checking,29661.43,2025-06-20
563,7918,5,4,Checking,11193.7,2024-12-04
564,616,4,2,Checking,16665.46,2024-05-15
565,1031,3,35,Fixed Deposit,32410.79,2025-07-23
566,347,5,10,Current,11807.32,2025-04-09
567,5313,2,17,Checking,44100.15,2025-05-08
568,3009,5,15,Checking,10162.54,2023-12-07
569,7956,1,41,Current,34965.29,2025-03-24
570,5789,2,23,Savings,23016.2,2023-10-04
571,1950,3,39,Savings,9135.14,2024-07-01
572,1980,3,46,Savings,42614.25,2023-10-06
573,3388,3,6,Current,46427.6,2024-12-31
574,5241,3,35,Checking,15979.49,2025-07-03
575,7766,4,1,Fixed Deposit,44960.01,2024-06-19
576,4795,5,8,Fixed Deposit,27303.18,2023-09-16
577,2989,5,13,Current,18679.99,2025-06-16
578,2748,3,17,Savings,12939.58,2023-10-20
579,5109,1,39,Current,34576.31,2024-04-16
580,4040,1,36,Checking,21950.45,2023-10-23
581,2893,2,49,Checking,24839.99,2024-04-19
582,2630,4,39,Current,31901.01,2023-08-09
583,1494,3,50,Checking,5662.39,2025-07-29
584,3960,4,16,Checking,20443.54,2023-11-04
585,4688,1,35,Fixed Deposit,25337.31,2024-07-11
586,348,3,29,Fixed Deposit,45719.92,2024-12-13
587,274,5,26,Savings,34015.66,2024-02-05
588,924,5,47,Fixed Deposit,5501.71,2024-11-08
589,5228,3,21,Checking,29210.77,2024-03-19
590,5903,1,2,Checking,14264.81,2023-09-08
591,7421,3,15,Current,6148.47,2024-09-07
592,2633,4,28,Checking,18905.41,2025-04-18
593,3598,2,26,Fixed Deposit,12473.63,2024-02-08
594,5593,5,29,Savings,517.73,2025-04-01
595,6963,5,19,Fixed Deposit,23836.88,2023-11-05
596,3553,2,15,Checking,24289.24,2024-10-14
597,7901,1,11,Checking,3111.03,2024-04-12
598,2800,1,42,Current,24109.1,2025-06-23
599,935,2,20,Savings,30868.41,2024-02-01
600,5803,5,24,Checking,8073.42,2023-10-12
601,7627,2,38,Current,39549.6,2024-06-13
602,5144,4,28,Checking,41103.99,2024-09-29
603,90,3,15,Current,23452.33,2024-09-19
604,3001,2,16,Savings,5798.12,2024-12-10
605,1955,1,25,Savings,27820.9,2025-04-21
606,1723,5,10,Fixed Deposit,25042.26,2024-05-30
607,1679,2,24,Fixed Deposit,49506.32,2024-01-03
608,439,1,15,Savings,11362.28,2023-09-16
609,6251,4,38,Checking,40221.16,2024-12-17
610,2409,2,5,Checking,20000.88,2023-08-24
611,7900,1,15,Current,48028.38,2024-09-02
612,5826,4,13,Current,15278.8,2024-12-31
613,6079,1,47,Checking,3678.76,2025-05-07
614,2908,4,48,Savings,21238.52,2024-06-26
615,4,3,39,Current,36514.11,2023-12-17
616,6753,4,42,Savings,17042.42,2023-11-14
617,2361,1,47,Savings,2466.79,2023-12-02
618,6109,2,8,Savings,44094.29,2024-03-24
619,7810,1,25,Savings,18936.05,2024-01-15
620,3202,4,27,Checking,32593.59,2024-08-10
621,5080,5,27,Current,39966.21,2024-12-02
622,2968,2,15,Fixed Deposit,41065.96,2025-01-10
623,6280,3,27,Fixed Deposit,3041.58,2025-05-30
624,3438,2,2,Checking,32933.23,2024-03-19
625,886,1,45,Current,29551.98,2024-07-13
626,2945,3,10,Current,34778.97,2024-02-18
627,5084,3,29,Checking,16736.97,2024-10-15
628,7087,1,44,Checking,36664.3,2024-07-12
629,3617,3,17,Savings,1017.43,2024-02-16
630,7823,4,39,Current,19573.43,2025-07-29
631,4993,5,2,Checking,49201.48,2023-10-18
632,1041,2,36,Savings,39978.72,2024-07-15
633,611,2,26,Fixed Deposit,6707.89,2025-04-26
634,1278,2,47,Current,29006.71,2024-05-27
635,6429,3,6,Savings,36891.03,2024-10-04
636,7472,4,32,Checking,23864.11,2024-04-04
637,2188,2,15,Fixed Deposit,2002.59,2024-05-23
638,1157,5,12,Current,7594.05,2023-09-17
639,355,3,35,Checking,5054.59,2023-12-14
640,5792,1,20,Checking,31817.98,2024-10-22
641,7104,3,40,Savings,15987.57,2024-04-17
642,7808,4,2,Fixed Deposit,43744.25,2024-09-13
643,3274,4,37,Savings,30872.81,2024-12-11
644,5147,5,16,Checking,32252.34,2023-08-19
645,593,2,47,Fixed Deposit,43178.35,2024-05-18
646,2675,3,24,Savings,27918.22,2023-09-22
647,5466,4,28,Checking,19087.05,2024-08-09
648,4610,3,31,Checking,4816.16,2025-01-03
649,2002,5,18,Fixed Deposit,36511.25,2024-03-13
650,4470,5,4,Fixed Deposit,29114.71,2025-04-28
651,4076,5,26,Current,20627.84,2025-04-24
652,1199,4,25,Current,4120.95,2024-06-05
653,6626,2,49,Current,21041.23,2025-01-29
654,7402,1,23,Fixed Deposit,31701.54,2023-11-20
655,4393,1,45,Current,14101.44,2023-09-14
656,509,5,6,Savings,43192.31,2023-09-11
657,4051,2,37,Current,27219.38,2025-05-15
658,7810,3,35,Checking,31919.29,2024-02-29
659,673,4,1,Checking,734.45,2024-06-19
660,5320,2,50,Savings,13953.72,2025-02-14
661,6009,1,38,Fixed Deposit,8632.84,2023-09-23
662,2354,4,4,Checking,13151.65,2024-06-05
663,5124,2,3,Savings,42216.05,2024-03-12
664,4214,2,15,Savings,13349.12,2025-02-26
665,7181,3,29,Savings,28592.0,2023-09-10
666,872,1,33,Savings,16992.95,2023-12-15
667,4927,2,18,Checking,42437.34,2023-11-08
668,790,5,41,Checking,35379.05,2024-03-15
669,5758,1,24,Checking,7134.69,2024-09-12
670,4498,1,4,Savings,33306.86,2023-12-02
671,1549,1,41,Checking,20090.4,2023-10-21
672,2864,5,16,Savings,16760.14,2023-09-29
673,5600,2,45,Current,24045.87,2024-10-23
674,2126,4,33,Current,46443.81,2023-10-24
675,3628,5,49,Checking,3133.23,2024-05-21
676,6703,2,12,Savings,43570.1,2025-01-25
677,5954,5,9,Current,49715.57,2025-07-10
678,4102,3,48,Fixed Deposit,35371.4,2024-11-24
679,6466,2,2,Checking,18307.25,2024-12-03
680,2846,1,39,Current,6134.02,2024-04-14
681,7377,4,40,Savings,34193.45,2025-07-31
682,680,2,9,Current,16362.4,2024-01-02
683,7064,3,50,Current,49877.29,2023-08-12
684,938,1,17,Savings,4259.35,2024-07-21
685,6368,1,18,Savings,6538.45,2023-12-19
686,1815,2,22,Fixed Deposit,20502.08,2025-04-28
687,5745,1,41,Current,1128.53,2025-06-30
688,7673,5,20,Savings,25178.5,2024-03-02
689,4669,1,49,Fixed Deposit,35752.24,2024-01-23
690,2468,5,2,Savings,15833.92,2025-03-05
691,1190,1,36,Checking,45494.04,2025-02-20
692,5790,4,50,Fixed Deposit,44724.55,2024-06-24
693,6426,5,10,Savings,48293.96,2024-05-15
694,3326,1,39,Savings,37751.35,2024-12-03
695,6020,3,4,Checking,41677.26,2025-04-29
696,7880,4,1,Savings,47944.18,2023-08-29
697,2866,2,19,Savings,3599.01,2023-10-19
698,3172,1,49,Savings,28467.66,2025-04-24
699,6367,4,25,Checking,49431.82,2025-01-18
700,2837,1,49,Fixed Deposit,17097.15,2024-07-27
701,1889,4,42,Fixed Deposit,12960.05,2024-06-27
702,5284,4,43,Checking,20811.09,2024-02-18
703,625,1,20,Current,10451.95,2024-04-23
704,7907,4,27,Savings,8584.11,2025-07-06
705,546,1,3,Fixed Deposit,5867.8,2024-06-20
706,3982,4,47,Savings,34830.75,2024-07-26
707,2673,1,46,Fixed Deposit,687.15,2023-09-24
708,5238,4,42,Checking,44436.99,2024-08-02
709,2788,3,47,Checking,47973.76,2024-10-06
710,3054,3,35,Fixed Deposit,16311.03,2024-04-17
711,4290,4,1,Current,39253.48,2025-06-15
712,686,5,45,Savings,38135.69,2024-01-11
713,1340,5,42,Fixed Deposit,18120.23,2024-08-19
714,5557,4,24,Checking,31564.75,2024-12-08
715,5279,4,38,Current,35092.67,2024-04-02
716,5830,2,47,Fixed Deposit,44240.05,2023-12-19
717,3053,3,50,Current,25441.56,2024-12-26
718,5959,3,39,Savings,18557.88,2023-08-18
719,4301,5,16,Savings,1087.47,2025-03-23
720,651,5,37,Savings,45149.03,2025-01-08
721,1063,2,27,Checking,14959.34,2024-06-02
722,48,5,5,Savings,11574.08,2024-09-16
723,4140,4,34,Savings,36570.63,2024-06-06
724,886,2,35,Checking,3722.61,2025-07-14
725,5993,2,7,Fixed Deposit,43832.68,2024-03-20
726,2531,5,25,Current,47357.37,2025-07-30
727,4523,2,32,Fixed Deposit,31731.73,2024-05-30
728,6916,2,9,Checking,39057.57,2024-05-27
729,6455,5,21,Fixed Deposit,33606.53,2024-08-15
730,252,2,16,Savings,7395.68,2025-05-05
731,7353,1,49,Checking,46297.05,2025-07-27
732,7491,5,26,Fixed Deposit,49419.25,2025-05-29
733,7297,3,45,Fixed Deposit,32084.95,2024-04-19
734,7201,2,3,Checking,38182.22,2024-05-24
735,5953,2,22,Current,43588.7,2024-07-26
736,3526,5,30,Checking,41546.03,2024-10-25
737,881,2,44,Current,23771.04,2024-07-09
738,4398,5,24,Current,39635.55,2025-07-10
739,1530,1,1,Checking,41196.31,2024-02-02
740,6473,3,43,Savings,6794.02,2025-03-04
741,5594,3,12,Fixed Deposit,28198.0,2024-06-18
742,5224,5,11,Savings,31281.14,2025-04-26
743,4287,4,33,Savings,14174.86,2023-12-12
744,2748,2,10,Current,20772.01,2024-10-02
745,2938,2,8,Fixed Deposit,29005.47,2025-04-29
746,5607,2,25,Checking,2115.64,2023-11-15
747,4939,1,38,Checking,18865.65,2024-01-08
748,3340,5,31,Current,38287.64,2025-03-16
749,8,2,39,Savings,46220.28,2025-05-28
750,5352,5,12,Current,11636.54,2024-10-14
751,3450,1,35,Current,18649.83,2023-11-18
752,2465,3,2,Savings,22808.27,2024-05-08
753,4309,1,38,Savings,42916.48,2025-06-12
754,5003,2,32,Current,30568.59,2024-11-09
755,6413,3,7,Current,25442.88,2024-04-06
756,6355,4,4,Checking,14896.67,2024-02-24
757,647,3,42,Fixed Deposit,37685.73,2024-07-13
758,5394,2,18,Savings,37815.48,2024-02-22
759,4273,3,45,Checking,24254.05,2025-06-22
760,3125,5,49,Savings,31635.48,2023-09-06
761,3043,2,25,Fixed Deposit,27309.65,2024-10-27
762,6152,3,11,Current,30780.46,2023-08-23
763,4343,2,19,Current,44524.3,2025-01-21
764,6,2,47,Savings,41885.71,2024-11-08
765,789,5,14,Fixed Deposit,45676.13,2024-05-13
766,7686,2,21,Checking,30284.67,2023-10-13
767,1230,1,17,Current,41268.86,2024-01-21
768,4258,3,48,Checking,49507.63,2025-01-05
769,886,5,27,Current,10385.27,2024-05-07
770,2796,5,35,Current,14281.94,2025-01-06
771,6748,5,9,Fixed Deposit,5727.64,2024-01-17
772,4315,5,36,Checking,45534.07,2025-07-05
773,4051,5,13,Fixed Deposit,6008.87,2025-02-27
774,1055,5,25,Fixed Deposit,30653.69,2023-11-13
775,2202,5,30,Current,35411.13,2024-11-11
776,1766,4,4,Savings,11306.94,2025-06-07
777,7595,2,27,Checking,14358.76,2023-11-04
778,1808,4,2,Current,17156.95,2024-06-03
779,7505,1,23,Checking,31527.71,2024-08-16
780,1989,5,25,Savings,10574.07,2025-04-02
781,4361,3,4,Current,32912.88,2025-02-02
782,1057,5,19,Current,49816.34,2024-08-29
783,445,4,5,Savings,33274.6,2025-04-19
784,4673,5,22,Fixed Deposit,8082.0,2024-06-03
785,440,3,19,Current,44697.13,2025-01-27
786,5474,5,48,Fixed Deposit,34901.27,2024-03-02
787,283,1,43,Checking,35791.95,2025-02-03
788,6384,3,18,Savings,3540.66,2024-11-25
789,2706,4,47,Checking,8840.82,2024-05-25
790,3726,1,23,Checking,44738.24,2024-09-29
791,6420,5,32,Current,37814.73,2024-02-06
792,7289,3,31,Savings,19544.33,2023-09-13
793,4368,1,47,Fixed Deposit,22029.93,2025-03-17
794,3893,4,40,Savings,31620.19,2023-12-26
795,3518,5,8,Checking,40991.8,2023-10-01
796,1155,4,6,Checking,28162.28,2024-09-09
797,953,5,27,Savings,48475.25,2023-12-22
798,5413,5,20,Savings,35760.21,2023-08-18
799,4251,3,49,Current,15001.87,2023-09-27
800,2372,1,11,Savings,7085.33,2025-06-16
801,2964,1,41,Current,39913.22,2025-02-04
802,6993,3,8,Savings,15646.62,2025-08-01
803,587,4,7,Savings,5516.71,2023-12-01
804,4217,3,38,Savings,39375.95,2025-01-26
805,7410,2,45,Current,13016.52,2024-10-18
806,5981,5,7,Checking,41267.5,2024-03-29
807,3951,4,16,Checking,1408.96,2024-07-06
808,175,4,9,Fixed Deposit,14364.71,2025-02-14
809,6771,2,35,Fixed Deposit,42383.14,2025-02-02
810,2928,5,34,Current,5283.65,2023-10-25
811,2376,1,8,Fixed Deposit,42040.85,2024-12-23
812,2473,3,6,Checking,15731.45,2024-07-11
813,6144,5,33,Savings,7137.99,2024-09-13
814,3703,1,40,Checking,41882.92,2023-12-30
815,3089,4,7,Checking,41866.78,2025-06-24
816,1178,1,17,Fixed Deposit,18250.61,2024-06-20
817,2445,5,37,Current,19581.87,2023-09-13
818,6810,1,22,Current,48307.93,2024-01-30
819,1343,3,15,Fixed Deposit,16453.3,2024-04-23
820,6884,2,19,Checking,37266.1,2024-03-14
821,2644,3,22,Current,12789.48,2024-06-11
822,1375,4,28,Savings,32604.84,2024-01-27
823,6307,5,46,Savings,41948.57,2025-07-31
824,5143,5,44,Savings,14672.65,2024-02-28
825,7217,3,9,Current,47921.06,2024-08-29
826,1194,4,20,Fixed Deposit,8197.6,2023-10-12
827,2425,3,34,Savings,8773.09,2024-02-21
828,3654,1,19,Fixed Deposit,45312.99,2023-10-12
829,2579,4,15,Fixed Deposit,37842.71,2023-12-03
830,7736,3,47,Current,43315.22,2024-09-19
831,1361,5,6,Current,49085.66,2023-09-10
832,5640,1,18,Fixed Deposit,10542.25,2024-06-20
833,7105,3,38,Fixed Deposit,18841.02,2024-10-01
834,3587,1,45,Checking,27048.93,2023-09-19
835,3894,4,12,Checking,16247.16,2024-03-06
836,4236,4,2,Checking,831.85,2023-12-04
837,2204,5,10,Checking,17173.65,2025-02-08
838,1173,1,30,Checking,20115.94,2025-05-18
839,2069,3,8,Fixed Deposit,49103.86,2024-05-14
840,2898,4,33,Current,40529.28,2024-08-28
841,4175,5,45,Checking,25827.38,2023-08-13
842,2092,5,10,Current,20908.33,2024-04-03
843,5836,4,3,Current,8874.26,2025-01-04
844,4295,3,27,Fixed Deposit,30322.0,2024-11-27
845,7255,2,9,Current,36432.38,2025-03-22
846,957,4,33,Fixed Deposit,47501.66,2025-04-23
847,3662,5,43,Current,16585.11,2023-08-14
848,6911,4,49,Checking,18623.67,2023-08-25
849,3067,1,21,Fixed Deposit,44603.3,2024-10-14
850,6199,1,27,Savings,147.77,2025-03-10
851,541,1,27,Checking,24007.35,2024-12-18
852,324,3,13,Fixed Deposit,48958.83,2025-07-26
853,5347,5,26,Current,32633.69,2024-01-21
854,960,2,16,Fixed Deposit,3473.43,2025-02-14
855,5143,3,15,Fixed Deposit,13371.81,2025-05-22
856,4664,3,38,Savings,26144.8,2023-11-19
857,1676,4,17,Savings,27492.62,2025-07-24
858,1295,4,32,Fixed Deposit,36950.13,2025-05-08
859,3565,5,25,Savings,6660.02,2024-10-02
860,6404,3,4,Fixed Deposit,29368.77,2024-09-22
861,2961,4,28,Current,39622.25,2024-10-07
862,3420,4,28,Checking,11899.11,2024-08-21
863,320,1,43,Current,44969.09,2023-08-08
864,6729,2,45,Checking,46802.1,2024-03-04
865,6214,5,47,Checking,49721.04,2024-05-31
866,2496,5,7,Fixed Deposit,47423.96,2024-01-30
867,7972,5,20,Current,46331.81,2024-02-28
868,6928,4,30,Savings,23471.52,2024-08-30
869,3753,4,29,Fixed Deposit,31467.57,2024-02-05
870,3573,5,36,Savings,178.24,2025-02-20
871,6347,1,23,Savings,41018.52,2023-10-01
872,1461,5,37,Savings,40806.08,2024-05-02
873,1560,5,36,Savings,631.27,2025-07-20
874,6721,5,10,Fixed Deposit,6552.14,2025-05-07
875,5216,2,49,Checking,23270.97,2025-06-19
876,3232,4,17,Checking,41033.05,2024-07-29
877,4493,4,18,Checking,12636.39,2024-02-17
878,1481,4,18,Current,16814.83,2023-11-30
879,7475,3,44,Checking,15702.96,2025-04-23
880,1872,1,23,Checking,32030.16,2023-08-30
881,7008,2,7,Fixed Deposit,45782.41,2023-10-11
882,4254,3,44,Checking,11856.76,2024-09-20
883,1712,4,31,Fixed Deposit,19219.41,2024-08-29
884,1245,3,49,Savings,46447.25,2025-01-06
885,7639,2,11,Fixed Deposit,44731.35,2024-12-27
886,6128,4,41,Current,15215.48,2024-01-20
887,3735,4,19,Current,8394.43,2024-10-19
888,1276,4,6,Current,24036.83,2025-02-13
889,4939,3,12,Savings,22294.08,2025-07-15
890,7394,3,12,Current,49313.13,2025-07-15
891,238,5,17,Savings,22694.38,2024-06-08
892,4535,3,30,Current,42289.2,2024-12-28
893,2875,2,44,Savings,35929.23,2025-06-01
894,1189,3,21,Current,38456.76,2024-05-21
895,3404,1,34,Fixed Deposit,19895.5,2024-06-16
896,5957,1,23,Checking,14243.99,2023-12-29
897,571,2,47,Fixed Deposit,46083.82,2025-01-28
898,2719,4,7,Checking,14576.16,2024-12-10
899,785,5,7,Savings,15717.63,2025-03-09
900,5109,4,34,Fixed Deposit,4771.53,2024-05-21
901,435,2,36,Savings,39795.62,2024-06-14
902,2324,5,27,Savings,7183.18,2024-03-22
903,2905,3,32,Current,6545.78,2025-02-16
904,5706,3,45,Fixed Deposit,47490.55,2024-02-26
905,5123,2,41,Current,713.75,2025-05-11
906,5585,3,20,Fixed Deposit,46634.33,2024-05-09
907,5840,3,11,Fixed Deposit,42225.54,2023-09-16
908,5403,5,25,Fixed Deposit,19201.82,2025-06-23
909,471,5,9,Current,20955.66,2023-10-18
910,226,1,47,Fixed Deposit,39379.66,2023-11-28
911,4443,4,38,Savings,19077.54,2025-06-24
912,2598,3,7,Current,30375.77,2023-08-29
913,125,1,29,Fixed Deposit,46858.08,2025-01-06
914,42,2,2,Fixed Deposit,938.79,2024-09-03
915,3697,5,17,Checking,37473.79,2024-08-30
916,2238,5,30,Checking,30380.35,2024-12-04
917,2420,4,12,Savings,2977.32,2024-07-29
918,3392,4,29,Fixed Deposit,10549.54,2024-11-19
919,367,1,14,Savings,4826.61,2024-02-25
920,6408,2,36,Current,29987.79,2024-05-27
921,3788,1,45,Fixed Deposit,481.56,2025-05-18
922,2031,2,11,Checking,13398.19,2025-02-08
923,812,2,17,Savings,9088.09,2025-07-10
924,2583,5,26,Savings,31759.36,2025-02-06
925,4731,1,39,Checking,11147.93,2024-08-23
926,5717,3,48,Checking,16925.44,2024-08-23
927,1837,1,1,Fixed Deposit,37080.85,2023-08-15
928,1960,4,21,Fixed Deposit,27358.9,2024-08-27
929,5730,2,11,Current,42229.67,2023-09-15
930,2963,5,50,Savings,28315.03,2023-09-15
931,728,5,6,Savings,32433.79,2024-03-30
932,7425,3,22,Current,1182.66,2023-11-19
933,4907,5,27,Checking,29535.37,2024-06-02
934,6052,2,6,Savings,7492.6,2025-07-16
935,3404,3,30,Savings,35797.57,2024-09-09
936,6020,2,12,Fixed Deposit,35127.13,2025-07-17
937,3940,2,30,Savings,19391.72,2023-10-16
938,5831,4,11,Savings,14679.18,2023-10-05
939,1904,5,11,Savings,31358.24,2023-11-12
940,3436,4,29,Savings,9606.12,2023-10-31
941,3805,3,16,Current,39628.61,2024-11-13
942,958,5,46,Fixed Deposit,4971.56,2025-04-04
943,4948,4,19,Fixed Deposit,184.79,2024-01-05
944,2311,2,46,Checking,40748.85,2023-09-18
945,6119,3,34,Checking,7410.0,2024-06-05
946,7298,3,40,Checking,30682.91,2023-08-19
947,6056,2,33,Checking,20477.44,2024-09-04
948,1162,2,44,Fixed Deposit,46505.24,2024-04-15
949,318,3,29,Checking,17123.85,2024-03-18
950,490,5,30,Checking,47885.72,2024-12-07
951,5252,1,24,Checking,15549.83,2023-10-07
952,393,1,48,Fixed Deposit,19921.84,2024-04-26
953,7156,5,43,Fixed Deposit,22840.29,2025-01-03
954,4845,3,24,Checking,41253.18,2024-06-12
955,6572,1,35,Fixed Deposit,38204.85,2025-04-26
956,7821,2,15,Fixed Deposit,13932.96,2025-06-23
957,4923,4,48,Fixed Deposit,35437.35,2024-03-28
958,2519,4,50,Checking,23668.05,2024-06-04
959,3286,1,2,Fixed Deposit,1970.13,2025-06-17
960,2989,2,49,Current,1089.05,2024-07-05
961,2297,3,42,Checking,38335.24,2024-10-25
962,7098,5,3,Checking,25788.74,2024-12-22
963,7590,3,13,Savings,20574.29,2025-04-04
964,4712,2,49,Current,5511.53,2025-05-28
965,1957,5,12,Checking,35900.82,2023-12-18
966,568,3,49,Checking,12785.95,2024-12-17
967,6659,4,37,Fixed Deposit,17170.5,2025-03-22
968,4353,1,8,Fixed Deposit,31000.86,2025-07-30
969,817,4,28,Fixed Deposit,42058.57,2024-02-11
970,6590,4,34,Current,10127.16,2024-09-18
971,4416,4,19,Savings,47080.34,2024-01-01
972,3465,4,4,Savings,9761.49,2025-04-05
973,622,2,28,Checking,36118.12,2025-06-28
974,3980,5,20,Fixed Deposit,28216.64,2023-10-07
975,1537,3,41,Fixed Deposit,6525.99,2025-05-04
976,5868,1,49,Savings,43636.98,2024-06-03
977,7292,1,45,Current,23621.94,2024-10-22
978,6503,5,45,Current,9770.56,2023-08-16
979,5387,5,28,Fixed Deposit,12003.71,2025-07-26
980,6417,1,18,Fixed Deposit,38438.33,2023-10-04
981,2984,2,43,Fixed Deposit,14178.92,2024-09-08
982,6024,2,21,Checking,4757.58,2024-04-07
983,6326,3,16,Fixed Deposit,3806.33,2024-08-03
984,6149,2,44,Current,7291.8,2024-09-27
985,1486,1,50,Fixed Deposit,33147.22,2023-09-20
986,3249,3,18,Checking,23931.85,2024-07-27
987,1764,5,38,Current,8222.35,2024-12-12
988,6519,5,17,Checking,13839.37,2023-11-20
989,3215,5,16,Savings,3536.71,2025-07-08
990,6869,1,7,Fixed Deposit,40762.77,2024-05-13
991,6264,1,39,Current,9255.89,2023-11-06
992,2450,3,46,Checking,24459.11,2024-11-07
993,6123,5,22,Fixed Deposit,48447.67,2024-01-22
994,5249,1,25,Fixed Deposit,31085.99,2024-02-15
995,2277,1,1,Savings,4997.81,2025-01-28
996,3776,4,27,Savings,16572.36,2023-09-06
997,3528,1,29,Current,18477.64,2025-07-04
998,6094,2,21,Current,17691.77,2024-01-14
999,3569,2,1,Checking,39015.42,2024-08-10
1000,6709,1,17,Savings,25445.31,2024-11-10
1001,6893,5,35,Fixed Deposit,19567.6,2023-09-09
1002,4300,1,13,Current,8579.18,2024-10-09
1003,1089,5,50,Fixed Deposit,26934.35,2024-01-09
1004,5729,4,31,Fixed Deposit,48744.84,2024-09-26
1005,1674,2,34,Checking,6076.34,2024-10-10
1006,6796,2,21,Savings,19920.98,2025-05-24
1007,3000,2,39,Checking,21634.35,2024-12-21
1008,7386,3,10,Fixed Deposit,45425.24,2023-10-03
1009,2079,1,16,Current,11037.46,2024-04-02
1010,4185,2,45,Fixed Deposit,18650.98,2023-09-26
1011,6514,4,29,Savings,48757.4,2024-10-12
1012,6736,4,30,Savings,11225.03,2024-11-23
1013,6319,3,24,Current,36673.94,2023-12-21
1014,4258,5,30,Fixed Deposit,44459.99,2024-03-22
1015,5267,5,28,Savings,27613.01,2025-06-16
1016,2236,2,20,Fixed Deposit,12657.7,2025-06-23
1017,7003,2,45,Fixed Deposit,39295.89,2025-03-17
1018,7210,3,25,Checking,43218.06,2025-07-26
1019,7456,5,38,Current,4903.02,2024-02-28
1020,3770,5,4,Checking,19193.76,2023-12-06
1021,7598,4,22,Fixed Deposit,9335.3,2024-09-07
1022,1574,3,3,Current,28109.75,2024-08-19
1023,2337,5,10,Fixed Deposit,37384.19,2023-12-29
1024,1331,5,26,Checking,44099.71,2025-02-28
1025,6153,3,28,Current,46539.28,2025-03-16
1026,4506,4,41,Fixed Deposit,48119.75,2025-02-20
1027,1261,5,45,Current,33777.23,2024-02-07
1028,4048,3,3,Checking,12410.27,2025-04-26
1029,3251,1,16,Fixed Deposit,47724.53,2024-09-28
1030,29,3,43,Fixed Deposit,1620.96,2025-06-18
1031,3360,3,19,Fixed Deposit,24997.02,2025-03-26
1032,4345,3,11,Savings,32234.67,2023-10-02
1033,105,2,21,Fixed Deposit,38947.38,2024-08-24
1034,1687,5,4,Current,699.15,2025-04-08
1035,7641,5,45,Current,47452.04,2025-01-15
1036,7984,3,26,Checking,18071.92,2025-06-06
1037,2083,4,44,Checking,38742.86,2025-02-05
1038,91,3,30,Current,38086.0,2024-12-05
1039,6266,3,35,Savings,39149.33,2025-05-14
1040,4036,1,31,Checking,23134.18,2025-03-16
1041,6735,4,30,Current,48882.89,2024-12-27
1042,6621,1,50,Savings,22635.87,2025-05-14
1043,479,2,46,Checking,10864.49,2025-07-03
1044,6798,1,27,Fixed Deposit,49506.01,2025-02-02
1045,835,5,31,Savings,20897.16,2024-12-08
1046,5362,5,7,Savings,1856.67,2025-07-01
1047,2800,5,35,Checking,8191.37,2025-05-28
1048,1113,4,18,Current,4166.33,2023-10-27
1049,6227,5,9,Fixed Deposit,18906.53,2024-05-28
1050,331,4,1,Checking,12318.29,2025-01-10
1051,322,3,42,Fixed Deposit,49992.72,2024-04-26
1052,3433,3,49,Checking,1745.74,2024-02-23
1053,1075,5,16,Checking,43247.7,2024-04-26
1054,4225,1,4,Fixed Deposit,37173.91,2024-12-08
1055,534,4,24,Savings,10285.19,2025-01-14
1056,1085,3,34,Current,19074.39,2025-03-08
1057,7592,3,15,Current,16543.63,2024-07-19
1058,245,2,38,Fixed Deposit,44388.0,2024-10-07
1059,6009,5,39,Current,13325.52,2024-04-16
1060,7265,4,39,Savings,47329.44,2024-04-25
1061,803,4,24,Current,5915.16,2024-04-13
1062,6222,3,36,Checking,37125.14,2025-06-04
1063,1601,5,30,Checking,24868.76,2024-03-12
1064,5885,5,38,Fixed Deposit,48131.54,2024-04-30
1065,7157,3,27,Current,27622.3,2024-07-25
1066,4360,2,11,Checking,18074.51,2024-07-23
1067,3679,2,20,Current,27172.73,2024-09-18
1068,1555,1,31,Checking,28465.55,2025-02-17
1069,4122,4,37,Fixed Deposit,30090.74,2023-09-10
1070,5959,4,16,Current,40884.27,2024-04-08
1071,1808,5,8,Current,34252.22,2024-10-16
1072,6103,1,41,Fixed Deposit,36239.96,2024-12-09
1073,6654,1,33,Checking,21081.74,2025-05-28
1074,210,2,5,Fixed Deposit,6480.58,2023-10-02
1075,6682,1,42,Savings,42727.0,2023-09-26
1076,2516,5,50,Savings,8567.65,2024-01-27
1077,2791,5,42,Savings,40862.15,2024-12-03
1078,2588,4,20,Fixed Deposit,43347.34,2024-04-16
1079,1920,2,24,Savings,34038.18,2024-05-02
1080,4703,5,46,Current,18277.33,2024-01-21
1081,3539,5,27,Savings,41529.85,2023-12-07
1082,7098,4,28,Checking,32593.1,2025-04-30
1083,2831,3,1,Current,43743.48,2024-11-13
1084,667,3,45,Savings,7645.9,2023-11-16
1085,5419,3,14,Savings,897.56,2024-02-21
1086,2865,2,20,Checking,40905.6,2025-02-17
1087,7940,4,23,Checking,8440.51,2023-12-26
1088,4843,4,19,Fixed Deposit,20775.67,2025-02-21
1089,1204,5,1,Savings,31460.5,2024-08-13
1090,4523,5,50,Current,37521.62,2024-08-05
1091,7443,5,46,Current,43146.65,2025-04-20
1092,7982,2,12,Savings,8769.96,2025-05-30
1093,3878,1,30,Checking,2265.87,2025-03-24
1094,7283,2,10,Fixed Deposit,37613.17,2025-03-12
1095,1972,1,15,Fixed Deposit,23045.64,2024-06-22
1096,786,1,50,Fixed Deposit,26507.31,2024-11-06
1097,2336,5,16,Current,6948.02,2024-12-26
1098,890,4,43,Fixed Deposit,6086.97,2024-09-24
1099,6023,5,45,Fixed Deposit,30510.42,2023-10-24
1100,2655,4,28,Fixed Deposit,38324.21,2025-02-18
1101,2648,2,27,Savings,42938.62,2025-08-05
1102,7531,1,2,Fixed Deposit,35952.81,2023-12-20
1103,848,5,32,Savings,28520.25,2024-11-29
1104,761,3,4,Checking,9192.88,2024-03-02
1105,1874,3,2,Checking,20638.08,2023-10-17
1106,2069,4,49,Fixed Deposit,45515.05,2025-04-13
1107,5082,5,44,Current,25323.12,2024-11-25
1108,6141,1,36,Savings,44102.56,2024-06-20
1109,3976,1,28,Checking,21547.37,2024-11-18
1110,7691,3,39,Fixed Deposit,10876.54,2024-07-14
1111,957,4,34,Savings,41050.52,2024-01-20
1112,5063,1,41,Checking,15998.69,2024-12-14
1113,6466,2,47,Checking,330.87,2025-05-16
1114,7419,3,6,Checking,23381.65,2025-06-23
1115,6606,1,23,Savings,21783.17,2023-10-11
1116,1739,2,33,Checking,22586.94,2024-12-25
1117,6311,3,46,Fixed Deposit,16356.94,2024-02-11
1118,4030,2,23,Savings,34909.99,2025-03-07
1119,857,5,33,Fixed Deposit,26083.22,2025-06-22
1120,1341,5,12,Savings,8619.94,2024-02-28
1121,2552,1,29,Savings,49334.39,2023-08-27
1122,5288,1,36,Current,1248.65,2024-01-13
1123,3087,5,32,Savings,16046.19,2024-04-26
1124,5683,1,7,Current,2605.47,2024-02-10
1125,1050,3,36,Savings,36451.73,2025-03-03
1126,30,4,20,Fixed Deposit,19965.56,2025-02-10
1127,3915,3,48,Current,47326.38,2025-03-07
1128,2610,5,37,Checking,27243.62,2023-12-03
1129,6684,5,32,Checking,22643.95,2025-04-17
1130,3859,1,19,Checking,5646.46,2024-09-02
1131,630,4,24,Current,17021.73,2023-10-31
1132,1770,1,7,Fixed Deposit,20348.66,2024-08-14
1133,829,2,39,Savings,17548.8,2024-05-27
1134,4189,2,42,Savings,28211.53,2023-08-25
1135,7020,1,17,Fixed Deposit,4906.1,2024-03-17
1136,4038,3,17,Current,7564.07,2024-03-02
1137,4046,3,13,Checking,18864.0,2024-08-22
1138,7151,1,47,Fixed Deposit,13297.17,2023-12-01
1139,6645,2,8,Checking,7527.14,2024-12-24
1140,3027,1,21,Savings,30754.38,2024-06-03
1141,3246,2,18,Fixed Deposit,16813.57,2023-10-26
1142,370,2,48,Checking,33504.77,2023-11-16
1143,471,4,4,Checking,48016.86,2023-12-07
1144,7856,1,25,Fixed Deposit,44327.34,2023-09-08
1145,268,5,24,Checking,34020.47,2024-01-04
1146,2639,3,12,Checking,21317.36,2025-03-31
1147,7467,2,28,Current,36626.62,2024-09-03
1148,779,3,7,Savings,3222.67,2025-02-15
1149,5787,5,45,Fixed Deposit,2365.02,2025-06-17
1150,2201,2,39,Savings,28520.22,2025-01-05
1151,6487,4,4,Current,2948.08,2024-06-19
1152,2737,1,26,Fixed Deposit,21974.48,2025-06-29
1153,6411,1,3,Checking,48650.99,2023-08-21
1154,7798,3,36,Current,23166.13,2024-11-22
1155,3453,1,20,Checking,41898.5,2023-12-26
1156,478,4,20,Checking,49386.2,2023-12-19
1157,4160,3,14,Fixed Deposit,11179.61,2025-06-22
1158,5853,3,25,Checking,5850.29,2025-07-16
1159,4614,2,8,Savings,23612.79,2024-06-22
1160,6206,5,23,Checking,37155.32,2024-07-19
1161,1260,1,22,Fixed Deposit,29506.8,2024-12-16
1162,5727,4,7,Fixed Deposit,10654.4,2025-02-08
1163,5826,2,3,Savings,4095.03,2025-05-28
1164,1533,3,27,Savings,30944.64,2024-03-16
1165,3827,4,17,Current,49148.93,2024-09-28
1166,879,1,13,Fixed Deposit,6183.45,2024-12-29
1167,4063,2,29,Fixed Deposit,34087.98,2023-08-14
1168,6648,5,3,Fixed Deposit,14495.87,2025-04-18
1169,5932,4,13,Fixed Deposit,21103.09,2025-07-19
1170,2580,1,27,Current,41295.69,2024-03-20
1171,7380,5,17,Current,11757.89,2023-08-06
1172,4047,5,36,Checking,20177.24,2023-12-20
1173,5783,1,16,Fixed Deposit,10303.02,2024-07-31
1174,2388,5,29,Savings,32865.68,2023-10-26
1175,340,3,29,Fixed Deposit,39153.13,2023-12-25
1176,6881,2,26,Savings,25462.84,2025-05-01
1177,2930,5,50,Current,32159.53,2024-06-30
1178,6530,2,18,Fixed Deposit,42383.84,2024-12-07
1179,1660,3,11,Fixed Deposit,48509.4,2025-03-12
1180,3551,2,1,Current,28810.07,2025-01-15
1181,2723,1,6,Checking,3553.56,2024-12-24
1182,6747,5,44,Savings,8261.6,2025-01-01
1183,1988,1,31,Savings,46655.09,2023-11-14
1184,661,4,31,Fixed Deposit,47496.49,2025-04-05
1185,7678,1,37,Checking,39572.71,2025-05-13
1186,636,3,49,Checking,3649.01,2025-06-01
1187,2540,5,40,Current,42789.77,2024-08-27
1188,2334,2,31,Checking,30062.31,2024-09-17
1189,5793,5,45,Savings,4999.14,2025-04-25
1190,3434,1,11,Current,32145.2,2024-05-25
1191,200,3,24,Current,22589.3,2025-01-31
1192,7,3,9,Fixed Deposit,483.03,2024-09-09
1193,489,4,36,Savings,21999.92,2024-08-20
1194,5206,4,8,Checking,9288.7,2025-05-16
1195,4014,4,14,Current,27386.96,2024-04-19
1196,6184,5,6,Current,26507.48,2024-12-27
1197,6266,5,24,Savings,3376.99,2023-09-16
1198,4886,5,39,Savings,30661.96,2025-01-30
1199,3265,4,23,Checking,35935.74,2024-07-31
1200,252,2,42,Fixed Deposit,12083.74,2025-03-09
1201,3429,3,27,Checking,14101.97,2024-03-04
1202,3492,1,32,Current,35596.07,2025-04-18
1203,15,2,5,Savings,46049.52,2023-10-14
1204,959,1,8,Fixed Deposit,4491.8,2024-04-19
1205,2657,4,23,Fixed Deposit,36421.57,2025-07-13
1206,4554,1,1,Fixed Deposit,49921.0,2024-06-04
1207,1738,4,42,Fixed Deposit,21585.18,2025-06-13
1208,1167,2,49,Fixed Deposit,28970.6,2025-01-31
1209,635,1,50,Checking,3089.32,2024-12-24
1210,6519,3,4,Checking,22950.65,2025-06-21
1211,6066,3,24,Fixed Deposit,21358.05,2023-08-14
1212,5185,4,16,Checking,25576.91,2023-09-15
1213,4477,3,9,Fixed Deposit,47865.73,2023-11-03
1214,1351,1,18,Current,39004.7,2024-07-28
1215,2043,1,38,Savings,47797.75,2023-08-26
1216,4932,5,17,Current,24000.85,2023-10-12
1217,5549,2,43,Checking,403.58,2025-02-09
1218,2899,5,29,Savings,46554.95,2024-01-03
1219,3774,3,8,Current,30171.61,2025-01-14
1220,877,3,36,Fixed Deposit,25579.18,2023-09-12
1221,7415,2,34,Current,49670.68,2023-12-25
1222,4263,1,14,Savings,8915.74,2024-09-26
1223,7545,1,40,Checking,43449.41,2024-08-26
1224,875,2,41,Checking,16549.57,2024-03-18
1225,5720,3,5,Savings,21818.68,2023-10-22
1226,1334,2,17,Fixed Deposit,12116.9,2024-01-22
1227,6163,3,48,Current,13683.78,2023-12-03
1228,145,4,26,Checking,27087.81,2025-07-26
1229,3857,5,20,Savings,19587.59,2023-12-26
1230,2093,2,15,Savings,540.64,2023-08-15
1231,4832,5,40,Savings,11559.25,2023-09-29
1232,1323,5,47,Fixed Deposit,7139.41,2024-02-24
1233,6206,5,37,Fixed Deposit,47186.12,2024-03-11
1234,7495,4,26,Checking,15697.97,2024-09-03
1235,3879,1,42,Savings,47815.79,2025-01-10
1236,3515,3,15,Fixed Deposit,23657.78,2025-07-13
1237,4053,1,3,Fixed Deposit,8826.63,2023-12-09
1238,2637,3,41,Savings,2674.74,2024-08-30
1239,7440,4,29,Current,29765.64,2024-05-14
1240,1857,3,22,Savings,13197.51,2025-03-08
1241,5464,1,19,Current,6241.52,2025-03-12
1242,5757,4,1,Current,4122.03,2025-01-04
1243,4507,5,12,Current,28727.87,2023-09-20
1244,1648,1,39,Fixed Deposit,36703.25,2025-04-21
1245,892,4,17,Savings,20309.9,2025-04-20
1246,5615,4,26,Savings,35475.49,2025-07-21
1247,3460,2,33,Current,29222.86,2024-12-01
1248,2092,4,50,Checking,21108.7,2024-09-29
1249,7284,5,38,Checking,31108.5,2024-01-04
1250,1770,1,20,Savings,22161.99,2024-03-21
1251,753,5,12,Fixed Deposit,13751.1,2024-11-13
1252,2693,2,42,Savings,21412.47,2024-09-19
1253,1849,2,49,Fixed Deposit,28771.04,2023-12-03
1254,7869,2,7,Fixed Deposit,6429.85,2023-09-21
1255,7790,1,19,Fixed Deposit,5488.22,2025-02-03
1256,625,1,45,Savings,10344.08,2023-12-18
1257,2297,5,35,Checking,5620.07,2024-06-27
1258,6330,1,17,Fixed Deposit,17542.52,2024-08-24
1259,4171,3,26,Fixed Deposit,829.17,2024-07-27
1260,7486,1,6,Fixed Deposit,3940.11,2025-07-16
1261,6115,1,44,Fixed Deposit,46429.3,2024-06-16
1262,6098,2,26,Savings,22081.98,2023-12-05
1263,3201,5,23,Fixed Deposit,4079.31,2025-03-11
1264,2179,2,21,Current,48251.75,2025-03-02
1265,5959,4,47,Savings,42714.74,2023-10-25
1266,2379,4,5,Checking,44571.43,2024-10-20
1267,6549,5,46,Savings,38399.68,2023-11-08
1268,7256,2,1,Checking,36129.87,2023-11-01
1269,7309,5,26,Current,6757.46,2025-06-19
1270,3257,5,22,Savings,7541.2,2024-09-12
1271,1725,3,28,Savings,36393.66,2025-03-29
1272,7155,5,35,Fixed Deposit,46141.23,2023-10-16
1273,808,2,36,Checking,14623.78,2025-01-27
1274,5157,5,45,Savings,27151.67,2023-10-15
1275,4621,1,20,Checking,39694.34,2024-06-08
1276,5102,1,19,Savings,39652.32,2025-04-26
1277,7240,5,23,Fixed Deposit,42108.52,2024-01-05
1278,7571,2,9,Fixed Deposit,38059.75,2023-12-16
1279,1851,5,41,Current,26805.76,2023-11-02
1280,655,3,1,Checking,26209.1,2024-03-09
1281,5132,5,9,Savings,21181.55,2024-08-29
1282,3570,1,9,Checking,33037.6,2025-07-29
1283,2679,5,42,Fixed Deposit,20671.11,2024-10-16
1284,5744,5,23,Checking,208.79,2024-03-29
1285,16,3,15,Savings,39876.74,2024-11-08
1286,1679,4,23,Current,41816.56,2024-07-22
1287,4011,3,25,Current,43151.67,2023-08-10
1288,6056,4,3,Savings,42765.29,2025-07-17
1289,1911,1,50,Current,2342.2,2024-10-09
1290,5670,2,3,Fixed Deposit,36660.92,2025-05-10
1291,6399,5,32,Current,41741.71,2025-03-11
1292,6335,1,19,Current,13465.84,2024-07-20
1293,6228,5,50,Checking,15794.21,2025-06-22
1294,7407,4,6,Current,47197.06,2023-09-04
1295,3600,4,27,Fixed Deposit,46902.91,2025-06-24
1296,152,2,35,Fixed Deposit,9388.77,2025-01-11
1297,2069,3,8,Fixed Deposit,6918.81,2024-05-26
1298,5170,3,27,Checking,29658.82,2024-10-11
1299,3214,2,31,Fixed Deposit,39300.41,2025-07-26
1300,5895,5,21,Current,3322.57,2025-06-21
1301,2981,5,4,Savings,5211.55,2023-12-02
1302,323,5,5,Checking,19312.43,2025-05-01
1303,3100,1,20,Fixed Deposit,8511.72,2023-10-17
1304,1291,1,44,Current,7343.79,2025-07-14
1305,1930,1,45,Fixed Deposit,15179.58,2025-07-25
1306,7512,4,40,Current,19226.13,2023-12-20
1307,4124,2,31,Savings,42555.69,2024-10-08
1308,2197,4,7,Savings,28456.32,2024-04-04
1309,7186,3,15,Current,28096.02,2024-03-02
1310,1573,2,41,Fixed Deposit,5982.61,2024-09-03
1311,3306,1,2,Savings,13195.14,2024-06-23
1312,3019,3,38,Savings,5147.24,2024-01-20
1313,7950,5,28,Fixed Deposit,25386.95,2023-10-13
1314,5296,2,29,Savings,14122.35,2024-09-18
1315,1365,1,26,Fixed Deposit,46698.62,2025-02-07
1316,5228,5,9,Current,4109.94,2025-01-07
1317,983,2,35,Checking,39076.61,2024-01-16
1318,2661,5,12,Checking,43553.32,2024-04-11
1319,2733,5,16,Checking,49689.59,2024-06-04
1320,4334,4,2,Current,25519.34,2024-09-20
1321,4939,5,17,Checking,22685.87,2023-09-02
1322,2704,1,35,Fixed Deposit,12937.86,2024-11-22
1323,7771,1,26,Savings,201.32,2024-07-02
1324,6365,5,2,Fixed Deposit,17881.26,2024-12-28
1325,1665,3,20,Checking,39719.51,2024-05-07
1326,4852,4,3,Current,17587.13,2024-06-29
1327,2236,4,18,Checking,23970.34,2024-09-29
1328,2691,3,43,Savings,32456.26,2024-08-12
1329,1465,3,24,Savings,41895.64,2024-08-03
1330,2784,1,36,Current,35922.12,2024-12-26
1331,5329,3,8,Fixed Deposit,26203.64,2024-02-02
1332,455,5,28,Fixed Deposit,38677.57,2025-04-24
1333,3445,4,9,Current,18157.59,2023-12-18
1334,6270,2,29,Savings,18326.71,2024-03-03
1335,299,4,32,Current,523.59,2024-11-12
1336,686,5,39,Fixed Deposit,14293.02,2025-02-01
1337,5439,5,14,Fixed Deposit,32025.52,2023-12-20
1338,610,1,20,Fixed Deposit,46415.7,2024-04-20
1339,4352,2,12,Current,15199.78,2024-06-21
1340,332,3,22,Checking,22530.86,2024-09-26
1341,2972,2,12,Fixed Deposit,8087.51,2024-07-31
1342,1560,3,38,Current,48080.17,2024-06-20
1343,5770,2,15,Checking,9702.71,2023-08-06
1344,1480,1,36,Fixed Deposit,9465.13,2023-11-26
1345,241,3,48,Current,29636.78,2024-04-04
1346,3390,5,12,Current,32410.78,2025-02-03
1347,727,4,49,Checking,27051.2,2024-11-14
1348,2725,1,18,Current,29646.31,2024-07-31
1349,2120,1,34,Current,25285.98,2024-11-15
1350,1122,1,3,Savings,9796.35,2024-07-09
1351,2968,3,3,Current,33801.19,2023-11-15
1352,3435,1,20,Current,7311.89,2023-11-02
1353,6513,5,27,Fixed Deposit,18930.27,2024-12-16
1354,4231,3,20,Fixed Deposit,29309.42,2023-11-14
1355,6404,1,17,Checking,43240.12,2024-01-04
1356,7252,3,43,Savings,11048.04,2025-07-22
1357,7395,4,18,Current,44673.36,2025-05-28
1358,5191,3,12,Savings,32749.01,2024-09-16
1359,4357,2,30,Checking,5356.95,2025-02-26
1360,4830,1,24,Current,24013.88,2025-06-07
1361,1109,2,29,Checking,28186.29,2024-08-25
1362,7138,5,9,Current,30853.81,2024-08-29
1363,7820,2,22,Fixed Deposit,16443.78,2025-03-24
1364,4781,4,39,Current,48750.92,2024-02-15
1365,4758,5,43,Fixed Deposit,33473.76,2024-09-01
1366,3647,5,7,Checking,44426.3,2025-07-13
1367,2214,2,1,Current,12283.85,2024-11-05
1368,7782,1,48,Fixed Deposit,38991.13,2025-04-26
1369,5871,4,12,Current,18859.8,2024-06-19
1370,3072,2,19,Savings,15502.0,2025-08-01
1371,4727,2,23,Checking,42482.9,2023-12-31
1372,555,2,49,Savings,49682.26,2024-12-20
1373,682,2,34,Checking,49677.39,2025-03-29
1374,3982,2,18,Current,48118.25,2023-09-10
1375,7749,2,35,Checking,26424.81,2023-11-12
1376,7393,5,44,Savings,41282.93,2023-08-10
1377,7128,5,8,Checking,32432.57,2025-02-07
1378,284,3,35,Current,49828.32,2023-09-18
1379,4363,2,32,Savings,6754.55,2024-05-02
1380,6148,2,7,Fixed Deposit,17867.24,2024-07-31
1381,3945,5,16,Checking,15753.18,2025-03-09
1382,6851,4,10,Fixed Deposit,30177.6,2024-03-05
1383,7736,4,4,Fixed Deposit,23758.38,2024-01-19
1384,6609,5,22,Savings,31154.04,2025-04-14
1385,167,4,28,Checking,17297.38,2023-10-23
1386,5853,2,3,Current,19411.91,2025-04-03
1387,5859,5,4,Checking,43911.97,2024-09-05
1388,1875,1,34,Checking,14474.86,2024-03-03
1389,7405,3,11,Current,4844.34,2024-08-03
1390,1112,2,27,Checking,48200.41,2024-01-13
1391,6997,3,12,Fixed Deposit,38580.69,2024-07-15
1392,6641,5,3,Fixed Deposit,30005.1,2024-10-31
1393,1789,4,5,Current,45753.65,2024-12-01
1394,580,5,5,Current,22274.67,2025-07-27
1395,5933,1,43,Savings,4442.02,2025-04-20
1396,3786,4,26,Fixed Deposit,23624.65,2023-10-27
1397,230,4,37,Current,13586.5,2023-12-10
1398,2832,2,26,Checking,4005.14,2024-08-14
1399,759,3,50,Fixed Deposit,30491.88,2024-01-16
1400,5051,5,26,Savings,45854.61,2023-11-22
1401,7841,5,45,Current,11201.38,2023-08-21
1402,7744,1,10,Current,46908.83,2025-02-06
1403,3885,3,14,Savings,8862.92,2024-03-10
1404,5169,2,31,Fixed Deposit,12351.73,2024-05-18
1405,4331,1,26,Savings,48181.02,2025-06-23
1406,1619,4,36,Checking,21057.1,2024-02-29
1407,6471,4,45,Current,2555.66,2024-01-15
1408,2,2,42,Current,7427.03,2025-01-23
1409,4708,5,44,Savings,12388.47,2023-10-05
1410,6259,1,21,Checking,4143.68,2024-12-12
1411,5706,2,30,Savings,16776.38,2025-01-13
1412,2685,3,39,Checking,11143.24,2025-06-11
1413,4614,5,45,Current,30134.44,2024-06-24
1414,1098,4,28,Checking,638.15,2024-04-12
1415,182,3,33,Checking,37594.59,2025-03-21
1416,7972,1,41,Fixed Deposit,7360.79,2024-01-13
1417,1170,3,26,Current,20817.05,2025-02-09
1418,1243,2,18,Fixed Deposit,45179.03,2024-05-21
1419,4049,2,2,Savings,24153.43,2024-05-26
1420,6786,3,17,Fixed Deposit,47920.58,2025-02-01
1421,1435,1,28,Checking,24730.02,2023-10-17
1422,7057,1,47,Fixed Deposit,5566.92,2025-02-01
1423,7336,2,31,Checking,27763.68,2025-08-02
1424,4169,4,10,Fixed Deposit,31890.03,2024-03-21
1425,7841,1,36,Fixed Deposit,44501.3,2025-07-29
1426,5450,3,11,Checking,27292.76,2024-12-26
1427,2901,2,1,Savings,21943.35,2025-01-09
1428,4276,4,6,Fixed Deposit,5307.86,2023-09-22
1429,4523,3,31,Savings,25034.99,2025-01-10
1430,6819,1,39,Fixed Deposit,24877.63,2023-10-22
1431,7470,2,29,Savings,44203.88,2025-02-16
1432,3740,1,15,Fixed Deposit,35379.51,2025-07-31
1433,1635,5,1,Current,13646.49,2025-05-05
1434,1600,5,31,Current,49963.32,2024-10-14
1435,2357,5,47,Checking,16530.95,2024-01-27
1436,2314,3,12,Current,6034.93,2025-04-22
1437,2419,5,27,Checking,4850.99,2023-11-02
1438,6244,4,4,Fixed Deposit,22258.52,2024-10-01
1439,779,1,6,Checking,7900.8,2024-06-30
1440,3818,1,28,Savings,42172.0,2023-10-17
1441,7690,1,28,Fixed Deposit,49412.16,2024-03-09
1442,2568,4,5,Savings,49790.05,2023-11-03
1443,4577,3,23,Fixed Deposit,38097.04,2024-10-13
1444,2204,4,8,Current,146.96,2025-04-17
1445,4748,5,43,Fixed Deposit,30113.74,2024-10-09
1446,2024,2,39,Checking,44861.46,2024-04-22
1447,6145,2,6,Current,5012.26,2024-01-09
1448,3357,2,34,Checking,45869.7,2024-12-08
1449,5613,3,32,Checking,44039.63,2023-12-15
1450,2408,1,31,Savings,14178.32,2023-08-13
1451,1303,5,44,Fixed Deposit,18179.69,2024-03-02
1452,2681,3,7,Current,12576.91,2024-08-06
1453,7687,4,13,Fixed Deposit,8197.92,2024-07-18
1454,7291,3,32,Fixed Deposit,21780.89,2025-07-02
1455,4731,4,20,Fixed Deposit,44154.16,2025-03-23
1456,6875,2,25,Savings,14944.14,2025-08-02
1457,5764,1,10,Savings,33261.3,2023-11-17
1458,5083,4,12,Current,41293.79,2024-01-09
1459,7152,2,39,Current,34389.02,2023-08-17
1460,797,3,45,Fixed Deposit,47722.15,2025-02-06
1461,7424,2,7,Current,1364.01,2024-10-07
1462,7088,5,26,Savings,9663.85,2024-10-28
1463,3232,4,15,Checking,22925.86,2023-12-07
1464,1077,2,9,Checking,47067.18,2025-01-26
1465,7248,5,48,Current,42545.37,2024-10-26
1466,7441,1,26,Savings,45860.1,2025-02-09
1467,6131,4,26,Checking,38874.0,2025-04-15
1468,4973,3,1,Fixed Deposit,27772.01,2023-08-18
1469,5287,2,11,Checking,36823.39,2024-01-07
1470,2995,1,7,Current,48552.24,2023-11-06
1471,7753,4,30,Fixed Deposit,6749.28,2025-07-13
1472,3318,3,35,Savings,7579.51,2023-10-12
1473,6475,4,44,Savings,41780.68,2024-03-20
1474,1259,4,13,Current,8008.02,2025-02-19
1475,1484,4,43,Current,42425.86,2024-04-24
1476,4373,5,13,Checking,5854.85,2024-08-26
1477,4607,2,21,Savings,9616.42,2024-01-18
1478,5410,5,30,Current,2787.68,2025-05-30
1479,4907,5,28,Checking,25983.97,2023-11-22
1480,4399,1,41,Fixed Deposit,21666.65,2024-05-02
1481,4860,4,16,Current,17979.77,2024-07-03
1482,4977,4,37,Fixed Deposit,18587.55,2024-06-29
1483,6801,2,8,Fixed Deposit,14017.35,2023-11-12
1484,1397,1,41,Savings,10146.7,2024-12-15
1485,1297,4,4,Savings,39763.99,2024-11-25
1486,2691,3,48,Current,3778.23,2024-05-24
1487,942,4,18,Fixed Deposit,36260.13,2024-01-29
1488,4056,4,20,Savings,40152.85,2025-07-05
1489,2345,5,2,Current,9526.41,2024-08-05
1490,6349,2,15,Fixed Deposit,14026.84,2025-03-15
1491,4188,1,15,Checking,30203.69,2024-09-27
1492,7183,4,41,Fixed Deposit,47027.5,2024-09-14
1493,2603,2,43,Current,46711.01,2023-12-26
1494,7883,2,37,Fixed Deposit,18103.32,2024-01-06
1495,5671,1,32,Current,10919.58,2024-08-07
1496,5635,2,15,Fixed Deposit,40252.81,2024-12-19
1497,3832,2,32,Checking,21227.89,2024-03-08
1498,7555,4,11,Current,19712.64,2025-05-31
1499,467,2,22,Fixed Deposit,10924.5,2025-03-16
1500,2345,2,48,Savings,13756.34,2024-10-04
1501,6369,2,18,Current,15190.38,2023-10-03
1502,5636,3,34,Savings,45747.46,2025-07-05
1503,6392,2,29,Savings,43200.5,2024-04-28
1504,7967,2,46,Checking,30799.08,2024-02-05
1505,7034,5,23,Savings,30539.53,2024-01-18
1506,2414,2,12,Savings,35022.09,2025-07-13
1507,7861,1,18,Current,19953.46,2024-12-24
1508,3285,4,3,Current,42277.21,2025-05-09
1509,3147,3,18,Current,16611.39,2024-09-21
1510,1924,5,21,Current,30748.28,2025-02-09
1511,3406,5,43,Fixed Deposit,38459.27,2024-10-27
1512,390,4,30,Current,46514.87,2023-09-19
1513,3670,2,16,Fixed Deposit,40680.54,2024-03-25
1514,798,4,40,Fixed Deposit,12900.68,2024-08-27
1515,5784,3,46,Savings,24566.34,2024-02-12
1516,4657,3,12,Current,27731.8,2024-06-01
1517,7847,2,5,Fixed Deposit,5222.73,2025-02-18
1518,1255,5,29,Checking,9540.41,2024-07-31
1519,1889,2,18,Current,15168.07,2024-05-23
1520,4809,5,11,Savings,24958.7,2024-11-27
1521,3933,2,42,Current,42547.95,2025-05-22
1522,5044,1,26,Current,16159.36,2025-01-04
1523,5993,4,49,Checking,37573.53,2023-08-08
1524,518,5,8,Savings,28315.99,2024-07-13
1525,6308,3,16,Checking,22931.09,2025-06-20
1526,1710,5,22,Checking,21878.06,2025-07-24
1527,3141,2,42,Checking,11378.9,2024-11-05
1528,5362,5,25,Current,40359.47,2024-01-27
1529,1576,5,3,Checking,47802.83,2023-12-27
1530,3503,2,29,Current,3298.56,2025-02-27
1531,3358,4,4,Current,29112.87,2025-01-18
1532,6590,3,37,Current,12055.83,2025-03-26
1533,4476,3,36,Current,39393.94,2024-03-28
1534,3325,4,6,Current,30302.18,2025-04-23
1535,720,1,47,Current,33281.97,2024-04-16
1536,5814,2,32,Fixed Deposit,31072.52,2024-03-04
1537,3396,2,50,Fixed Deposit,22706.27,2024-02-20
1538,3658,3,37,Fixed Deposit,37881.06,2025-06-10
1539,4630,5,13,Checking,39596.55,2025-05-16
1540,530,2,29,Fixed Deposit,24665.52,2025-01-24
1541,5811,1,16,Checking,24725.29,2025-07-03
1542,6833,3,26,Current,14809.04,2024-08-07
1543,4334,1,17,Checking,8767.94,2023-10-04
1544,3123,2,19,Current,32145.73,2023-12-03
1545,87,3,20,Savings,24280.77,2024-07-19
1546,6038,2,13,Checking,11520.61,2024-05-16
1547,282,2,20,Current,30791.8,2025-07-27
1548,1332,1,12,Current,40382.81,2024-01-29
1549,1484,4,44,Savings,4100.04,2024-02-29
1550,2061,3,47,Current,2963.61,2024-01-01
1551,2389,4,49,Checking,13767.48,2024-12-18
1552,4501,1,45,Fixed Deposit,45860.13,2024-02-14
1553,3916,2,32,Savings,32704.69,2025-05-26
1554,4468,3,38,Current,34181.05,2025-07-21
1555,6406,4,4,Fixed Deposit,47873.32,2025-03-19
1556,1468,3,40,Current,35165.11,2023-12-25
1557,6260,2,19,Savings,49831.58,2025-03-23
1558,263,3,36,Savings,21614.12,2024-08-30
1559,5831,5,41,Savings,49584.93,2024-02-24
1560,3124,1,3,Fixed Deposit,45268.13,2024-10-27
1561,5651,5,28,Savings,33907.14,2024-01-20
1562,7738,4,6,Checking,9933.79,2024-10-12
1563,1976,5,13,Savings,9335.16,2024-04-04
1564,3152,2,12,Checking,25373.98,2024-12-11
1565,6977,5,33,Savings,14698.16,2024-06-23
1566,7912,5,38,Savings,18622.01,2025-05-17
1567,4582,2,1,Checking,30419.32,2025-06-23
1568,6915,5,27,Fixed Deposit,49372.19,2023-12-14
1569,2608,1,44,Fixed Deposit,16790.47,2023-11-11
1570,5374,2,16,Fixed Deposit,5600.92,2025-01-20
1571,231,5,48,Fixed Deposit,27900.14,2024-03-04
1572,6452,4,16,Current,30285.66,2025-08-05
1573,5344,4,13,Savings,43293.61,2024-04-20
1574,6994,4,50,Savings,34648.97,2025-04-03
1575,1659,1,12,Current,29452.95,2024-09-07
1576,2150,5,46,Savings,31230.42,2024-05-30
1577,159,4,12,Savings,15238.04,2023-09-25
1578,2212,1,11,Checking,22229.9,2025-02-17
1579,4499,5,40,Checking,10922.91,2024-09-06
1580,359,3,19,Checking,11931.83,2024-09-14
1581,6383,3,26,Checking,43332.12,2024-02-29
1582,5768,2,14,Checking,7686.97,2025-01-29
1583,6934,4,25,Fixed Deposit,9886.36,2024-11-02
1584,7588,1,45,Current,13326.35,2024-01-29
1585,4744,5,10,Current,30850.18,2024-10-24
1586,3687,2,8,Fixed Deposit,19458.99,2025-02-18
1587,7356,5,37,Current,35194.8,2025-05-30
1588,6388,4,29,Fixed Deposit,47677.39,2025-04-11
1589,5322,1,7,Current,15532.92,2024-08-23
1590,960,1,33,Current,13832.53,2024-05-04
1591,2705,5,43,Current,10785.21,2024-06-23
1592,3309,2,44,Savings,47490.33,2024-03-08
1593,6586,1,30,Fixed Deposit,19208.59,2024-07-29
1594,895,4,11,Current,18250.06,2024-06-02
1595,1513,2,6,Fixed Deposit,26784.36,2025-06-19
1596,5530,1,24,Fixed Deposit,45106.92,2023-09-14
1597,5886,4,2,Current,33751.94,2024-10-14
1598,7299,3,43,Current,26009.28,2023-11-27
1599,7573,5,28,Savings,38036.79,2023-12-15
1600,573,4,10,Fixed Deposit,27556.45,2024-08-25
1601,3620,3,41,Savings,11307.52,2023-12-21
1602,459,2,16,Checking,35371.05,2025-01-18
1603,3932,5,20,Savings,3048.33,2025-06-30
1604,4118,1,16,Current,22970.96,2023-10-29
1605,4793,5,3,Current,21483.52,2024-12-30
1606,4651,2,23,Current,33588.59,2025-07-15
1607,3916,4,12,Fixed Deposit,46894.26,2024-11-16
1608,4794,4,12,Current,41095.8,2024-10-01
1609,2890,5,39,Current,1780.26,2023-11-04
1610,5302,4,42,Savings,41156.13,2025-03-16
1611,4577,4,18,Current,1130.19,2024-08-08
1612,2462,2,4,Fixed Deposit,29412.55,2024-09-05
1613,1613,4,2,Fixed Deposit,30036.65,2024-03-23
1614,1792,3,28,Checking,30316.52,2023-08-29
1615,373,3,49,Savings,15876.74,2024-06-11
1616,5356,3,46,Current,36742.19,2023-12-10
1617,3493,2,24,Current,42948.76,2023-11-08
1618,2169,2,48,Current,49959.03,2025-03-08
1619,6149,5,31,Current,821.82,2025-06-01
1620,2355,2,41,Current,31726.19,2025-01-12
1621,4073,1,42,Checking,18154.51,2024-02-15
1622,5414,3,50,Savings,2548.69,2024-08-11
1623,6036,2,5,Checking,37186.89,2024-10-24
1624,5692,2,42,Fixed Deposit,13072.26,2024-11-15
1625,17,2,5,Savings,36738.04,2025-02-14
1626,6691,1,1,Savings,38226.11,2023-10-25
1627,2723,3,36,Current,9311.71,2024-09-02
1628,7978,2,37,Savings,17187.17,2024-09-17
1629,1987,2,18,Fixed Deposit,44751.21,2024-12-08
1630,7126,1,40,Savings,16782.55,2025-02-26
1631,5131,2,14,Fixed Deposit,21291.69,2025-05-29
1632,6374,1,23,Checking,2713.34,2025-04-24
1633,5540,4,33,Fixed Deposit,47771.78,2025-06-26
1634,7098,2,22,Savings,25272.82,2024-03-10
1635,3007,1,21,Savings,7269.75,2024-10-27
1636,4212,4,37,Savings,42783.42,2025-06-04
1637,2567,5,42,Savings,5559.63,2024-01-17
1638,4734,2,1,Current,21947.12,2024-02-06
1639,7595,5,13,Current,3795.52,2024-01-25
1640,2885,5,36,Savings,48732.97,2025-06-18
1641,5245,4,26,Savings,44365.3,2024-08-11
1642,4953,5,9,Savings,10902.49,2023-12-17
1643,2378,1,31,Checking,3330.18,2024-07-10
1644,3131,5,20,Savings,42664.39,2025-04-15
1645,1648,4,19,Current,44982.19,2024-11-18
1646,4109,2,7,Current,29631.14,2024-07-28
1647,1916,4,6,Checking,49213.91,2024-07-11
1648,2864,5,41,Checking,20324.41,2024-04-28
1649,7812,1,40,Current,6507.29,2024-06-07
1650,6627,2,23,Savings,21113.29,2025-01-11
1651,7606,3,24,Current,28892.36,2024-03-30
1652,4856,1,28,Savings,30457.0,2024-08-08
1653,5794,5,37,Current,5969.49,2025-07-06
1654,552,5,7,Checking,36026.74,2025-07-03
1655,1735,4,15,Current,33070.72,2024-10-31
1656,4250,1,2,Current,30669.05,2024-11-19
1657,1233,3,4,Fixed Deposit,12228.62,2025-01-11
1658,3463,2,6,Current,12686.77,2024-10-23
1659,7050,3,41,Checking,45982.25,2023-11-20
1660,5927,3,6,Savings,46859.83,2024-01-16
1661,526,3,9,Savings,11611.69,2024-07-14
1662,6284,1,20,Fixed Deposit,28426.65,2024-11-04
1663,7609,2,19,Checking,41711.24,2024-02-07
1664,5537,1,2,Checking,4058.56,2024-02-04
1665,1305,5,35,Checking,12238.59,2025-01-26
1666,468,1,4,Checking,41388.26,2025-03-13
1667,7737,5,45,Current,20485.92,2024-12-11
1668,589,2,43,Current,44574.11,2025-07-22
1669,2811,1,31,Fixed Deposit,41907.45,2025-06-29
1670,6274,3,45,Checking,16707.98,2024-08-10
1671,3445,4,33,Current,28752.11,2025-06-01
1672,7440,4,45,Checking,17797.5,2024-12-12
1673,2616,2,50,Fixed Deposit,49297.39,2023-12-11
1674,5423,4,39,Savings,7378.88,2024-01-08
1675,5282,2,40,Current,41923.51,2025-04-18
1676,2964,5,9,Fixed Deposit,46887.44,2023-09-18
1677,3062,4,12,Savings,26491.63,2025-06-17
1678,4506,3,28,Savings,40405.1,2024-12-05
1679,1840,1,10,Fixed Deposit,13009.09,2024-06-02
1680,6178,4,40,Checking,28546.74,2025-01-27
1681,3742,2,44,Current,44012.58,2023-12-10
1682,1466,5,49,Checking,34191.03,2025-06-28
1683,7298,5,46,Checking,37250.81,2024-05-16
1684,4055,3,10,Fixed Deposit,10117.42,2024-10-28
1685,2556,3,33,Checking,8945.13,2024-04-01
1686,2717,2,48,Current,20696.35,2023-08-20
1687,6189,3,9,Fixed Deposit,30265.16,2024-07-06
1688,2997,4,31,Fixed Deposit,12159.27,2024-12-26
1689,2946,3,33,Current,44282.94,2024-04-30
1690,5897,4,18,Savings,25237.3,2024-10-21
1691,6138,3,34,Fixed Deposit,16464.96,2025-07-18
1692,4307,2,34,Fixed Deposit,10483.77,2023-08-23
1693,7652,3,20,Fixed Deposit,16155.89,2024-02-23
1694,7590,3,18,Fixed Deposit,43786.38,2024-01-25
1695,588,4,13,Current,10921.2,2025-01-21
1696,869,3,28,Savings,45939.38,2023-08-23
1697,7492,3,28,Checking,19010.91,2024-10-27
1698,7286,4,28,Fixed Deposit,30982.89,2023-11-09
1699,2945,5,2,Fixed Deposit,10869.33,2025-06-23
1700,2475,3,34,Checking,27927.55,2025-06-04
1701,263,4,44,Current,21654.72,2024-01-18
1702,2270,4,4,Savings,41281.76,2025-05-22
1703,7777,5,21,Fixed Deposit,11296.05,2025-01-14
1704,4121,4,28,Fixed Deposit,30552.64,2023-10-20
1705,4503,4,2,Current,11561.8,2024-09-29
1706,1620,3,24,Fixed Deposit,1506.41,2024-06-21
1707,5535,3,1,Current,38548.64,2024-10-12
1708,2955,3,15,Fixed Deposit,41142.3,2023-10-15
1709,5859,5,33,Checking,15926.87,2024-06-07
1710,3525,1,33,Current,9727.9,2025-04-19
1711,823,5,40,Fixed Deposit,41057.26,2025-05-27
1712,1345,5,41,Savings,35386.44,2025-03-26
1713,7483,1,13,Checking,32622.71,2025-06-01
1714,7338,1,19,Fixed Deposit,35814.58,2025-06-02
1715,5698,1,34,Current,978.76,2024-08-13
1716,3881,3,20,Current,16826.86,2024-09-29
1717,185,5,11,Fixed Deposit,14711.58,2025-04-13
1718,7371,3,26,Savings,34778.41,2024-08-10
1719,6865,3,12,Savings,26678.0,2023-10-21
1720,4325,1,13,Savings,41137.02,2024-05-07
1721,4733,5,40,Fixed Deposit,19996.87,2025-06-15
1722,398,3,36,Fixed Deposit,15052.41,2025-07-08
1723,7657,3,41,Savings,19849.82,2024-11-23
1724,2212,5,30,Current,35528.4,2024-02-18
1725,4508,2,7,Savings,47133.75,2024-06-08
1726,5800,4,28,Current,46167.63,2025-07-02
1727,1176,1,6,Current,41425.78,2025-07-12
1728,4935,2,41,Current,32571.37,2024-12-10
1729,5012,2,30,Checking,28003.63,2025-06-04
1730,3661,5,36,Checking,22582.09,2024-06-28
1731,916,3,2,Fixed Deposit,25427.71,2025-04-02
1732,2360,1,40,Fixed Deposit,20244.66,2025-06-10
1733,7319,4,26,Savings,45367.08,2024-12-22
1734,3366,5,5,Current,32234.19,2023-11-11
1735,5921,2,28,Fixed Deposit,36824.36,2024-02-10
1736,1112,3,36,Current,47510.26,2025-06-02
1737,1399,4,6,Checking,15025.29,2025-04-14
1738,786,5,2,Checking,21469.65,2024-07-21
1739,5397,4,14,Current,32359.81,2024-11-09
1740,7228,3,16,Fixed Deposit,24501.08,2025-05-08
1741,341,5,4,Fixed Deposit,22945.71,2024-06-14
1742,4233,3,20,Fixed Deposit,40229.59,2024-10-23
1743,3398,4,33,Fixed Deposit,7233.97,2024-06-17
1744,3767,1,34,Fixed Deposit,6313.84,2024-11-16
1745,7446,3,25,Savings,35762.64,2025-01-18
1746,1594,2,43,Checking,39440.31,2023-11-03
1747,3513,3,17,Checking,16497.79,2024-11-23
1748,92,2,25,Fixed Deposit,41691.95,2024-07-01
1749,7110,5,7,Fixed Deposit,30459.22,2024-09-13
1750,5691,5,49,Fixed Deposit,39492.36,2025-06-21
1751,7066,4,32,Savings,45585.0,2023-11-10
1752,5995,4,42,Current,26709.53,2025-01-10
1753,2993,3,20,Savings,41166.5,2024-07-19
1754,6008,4,24,Current,20679.88,2025-06-12
1755,7273,1,44,Current,31344.69,2024-02-27
1756,5702,5,45,Current,26363.85,2025-08-02
1757,2002,1,48,Fixed Deposit,42700.47,2024-01-10
1758,72,2,4,Savings,34347.29,2023-10-04
1759,2909,4,24,Fixed Deposit,6343.43,2024-10-19
1760,5432,3,4,Savings,19648.51,2025-01-26
1761,5078,2,33,Current,34129.75,2025-03-16
1762,1210,1,39,Fixed Deposit,43434.66,2024-09-10
1763,1380,4,19,Savings,13769.85,2024-07-16
1764,656,4,45,Savings,19127.15,2025-01-01
1765,6136,5,48,Savings,15944.51,2025-02-15
1766,3357,1,25,Fixed Deposit,30477.98,2024-06-01
1767,5875,2,18,Current,3975.4,2025-03-24
1768,1269,3,21,Savings,31734.85,2024-07-24
1769,3898,2,30,Savings,42706.23,2024-02-04
1770,382,3,31,Fixed Deposit,37523.34,2024-01-26
1771,1275,3,22,Checking,18505.01,2025-03-02
1772,190,4,2,Current,49916.07,2024-11-02
1773,7244,3,16,Current,6817.75,2024-10-17
1774,7015,3,18,Checking,17809.24,2024-03-26
1775,4923,1,37,Checking,40819.84,2024-07-23
1776,7057,3,35,Savings,48781.5,2025-05-25
1777,3777,1,18,Savings,37034.07,2024-04-20
1778,3979,2,20,Fixed Deposit,15778.71,2024-02-15
1779,7857,2,19,Checking,21619.08,2023-11-30
1780,4967,1,5,Current,10013.17,2025-07-18
1781,3831,2,10,Savings,39555.11,2023-12-13
1782,7425,4,50,Current,4176.87,2024-08-10
1783,401,5,6,Savings,34336.88,2023-12-20
1784,780,3,24,Fixed Deposit,8390.41,2025-07-22
1785,782,4,4,Fixed Deposit,38882.85,2025-01-14
1786,2963,3,27,Current,41174.8,2025-07-07
1787,4627,4,24,Checking,2129.97,2025-07-26
1788,1316,2,42,Fixed Deposit,41478.55,2025-04-14
1789,3346,5,7,Checking,26394.65,2024-08-31
1790,6759,2,29,Current,23973.16,2024-02-24
1791,6598,5,44,Current,43012.68,2024-08-08
1792,6309,5,36,Current,49479.68,2024-03-28
1793,2829,5,29,Savings,2528.76,2024-05-27
1794,1912,4,27,Fixed Deposit,17322.27,2024-01-14
1795,5817,4,18,Savings,40366.07,2024-01-13
1796,2308,4,10,Current,13993.81,2025-07-25
1797,3055,4,39,Checking,35434.76,2023-08-09
1798,3388,2,31,Current,37260.65,2024-08-11
1799,7045,3,24,Checking,41934.61,2025-04-19
1800,1357,5,13,Savings,32635.68,2025-02-06
1801,4631,4,5,Current,26735.44,2024-12-10
1802,3894,2,27,Current,46672.08,2023-11-28
1803,906,2,45,Current,2414.63,2023-12-08
1804,6867,3,10,Checking,32307.68,2025-01-11
1805,733,2,37,Savings,25857.64,2024-08-21
1806,4965,5,30,Current,2179.09,2023-11-10
1807,1085,2,17,Savings,25025.64,2024-10-04
1808,7066,5,34,Fixed Deposit,15672.83,2024-04-21
1809,6326,4,15,Checking,21957.38,2023-12-14
1810,4864,3,17,Current,21538.32,2023-10-03
1811,7145,2,43,Checking,13571.77,2024-11-24
1812,7594,3,3,Savings,2980.61,2024-11-04
1813,5598,2,16,Savings,18635.46,2024-09-01
1814,5329,4,3,Savings,37074.65,2023-10-06
1815,2268,1,11,Savings,2696.19,2024-03-14
1816,2767,5,48,Savings,2123.12,2024-04-25
1817,7071,5,3,Fixed Deposit,40952.5,2023-12-29
1818,6901,3,16,Savings,49455.02,2024-09-28
1819,2160,1,34,Current,17757.44,2024-02-03
1820,4860,2,5,Savings,28765.35,2023-10-11
1821,4859,2,16,Fixed Deposit,32776.69,2023-11-17
1822,4605,5,2,Current,10299.22,2025-05-21
1823,328,3,26,Checking,19127.27,2024-09-15
1824,3364,4,23,Fixed Deposit,39749.9,2023-10-29
1825,2045,5,45,Checking,36922.68,2025-01-28
1826,2466,4,11,Current,23279.08,2024-07-15
1827,2543,2,48,Checking,39960.16,2024-04-12
1828,5921,5,19,Current,26122.03,2023-10-29
1829,1505,1,24,Fixed Deposit,23777.28,2024-10-05
1830,6849,1,44,Checking,19281.16,2024-08-31
1831,2108,5,43,Current,30174.63,2024-10-05
1832,3040,5,5,Checking,1617.86,2025-05-07
1833,2745,4,27,Fixed Deposit,26325.42,2024-04-30
1834,6678,2,48,Checking,33643.97,2024-05-13
1835,7437,1,36,Checking,16511.44,2024-01-12
1836,1805,4,2,Current,47112.97,2023-12-01
1837,5661,2,33,Checking,49783.63,2024-12-23
1838,1384,3,17,Savings,24749.36,2025-04-19
1839,4625,3,9,Fixed Deposit,35367.2,2025-01-28
1840,2577,1,38,Checking,40063.45,2025-06-01
1841,897,1,43,Checking,2852.98,2025-07-26
1842,7967,3,49,Fixed Deposit,27759.71,2024-04-01
1843,5174,1,4,Checking,19067.69,2024-05-17
1844,5935,2,34,Fixed Deposit,13127.58,2025-03-18
1845,4808,3,47,Savings,3177.11,2024-10-18
1846,4405,4,49,Savings,48950.76,2025-02-17
1847,3742,1,31,Fixed Deposit,33812.62,2024-12-12
1848,6820,1,50,Savings,19440.54,2024-07-30
1849,6503,1,21,Savings,43506.26,2024-06-14
1850,4042,4,35,Checking,28661.57,2024-05-23
1851,4796,5,34,Current,970.89,2024-08-05
1852,295,1,23,Current,159.91,2025-02-06
1853,4141,5,15,Savings,48694.39,2024-03-02
1854,3293,3,46,Fixed Deposit,3484.36,2024-11-05
1855,7769,1,47,Fixed Deposit,11933.09,2025-05-26
1856,5862,5,38,Checking,5862.68,2024-07-20
1857,7155,3,5,Fixed Deposit,49460.02,2024-10-15
1858,4398,3,9,Current,40566.59,2024-08-31
1859,2399,1,23,Current,7275.08,2024-02-03
1860,5498,2,1,Savings,9612.65,2025-05-23
1861,879,2,9,Checking,37710.61,2023-08-06
1862,5991,5,30,Checking,1049.36,2025-02-12
1863,4767,3,43,Savings,27095.13,2024-08-07
1864,3635,3,38,Fixed Deposit,39391.17,2025-07-17
1865,1600,5,40,Savings,42829.79,2023-10-24
1866,2896,5,5,Fixed Deposit,7581.04,2024-08-14
1867,1994,5,34,Savings,27470.11,2024-05-26
1868,6370,2,30,Checking,35817.79,2024-01-09
1869,520,1,6,Checking,11034.81,2024-01-30
1870,6941,4,18,Fixed Deposit,47578.47,2025-08-01
1871,827,1,17,Checking,766.91,2025-04-24
1872,581,2,2,Savings,15651.94,2025-01-10
1873,5998,5,34,Savings,15909.69,2025-02-04
1874,4244,1,7,Savings,6916.77,2025-07-16
1875,3810,5,31,Fixed Deposit,5800.26,2024-02-08
1876,5660,3,42,Checking,6795.21,2024-01-20
1877,904,3,42,Current,16702.55,2024-07-15
1878,4224,5,47,Fixed Deposit,3921.01,2023-09-10
1879,4992,2,8,Current,42168.64,2024-11-18
1880,7640,1,23,Checking,41892.54,2024-06-14
1881,5865,1,32,Checking,23180.27,2024-10-27
1882,4732,2,48,Savings,25355.54,2025-01-23
1883,5366,3,10,Current,2254.23,2024-06-07
1884,6843,4,39,Checking,9342.57,2024-11-09
1885,2237,5,42,Checking,11541.6,2024-09-06
1886,5132,5,37,Savings,29167.8,2023-08-15
1887,7381,4,45,Fixed Deposit,15975.85,2024-12-11
1888,6833,3,21,Checking,39004.33,2023-10-17
1889,4556,4,32,Checking,33942.0,2024-02-18
1890,6500,1,43,Fixed Deposit,18707.66,2025-03-03
1891,2292,3,38,Fixed Deposit,30517.83,2024-08-11
1892,1488,3,20,Fixed Deposit,23417.4,2023-11-03
1893,1955,1,11,Fixed Deposit,9765.84,2025-05-21
1894,418,1,2,Fixed Deposit,21042.22,2024-12-11
1895,1683,1,44,Checking,40220.78,2024-06-05
1896,5003,4,12,Checking,18799.11,2024-03-22
1897,3049,2,1,Fixed Deposit,5872.73,2025-04-20
1898,5499,3,26,Checking,16680.63,2024-06-07
1899,814,5,27,Checking,30913.12,2024-12-11
1900,896,5,46,Savings,16832.81,2023-09-09
1901,3031,4,17,Fixed Deposit,33381.2,2024-11-03
1902,1719,5,21,Savings,37005.42,2025-06-03
1903,5853,4,27,Checking,13111.89,2025-05-13
1904,6670,1,18,Savings,1081.42,2023-11-30
1905,4611,3,20,Fixed Deposit,7940.0,2024-10-06
1906,3414,4,10,Fixed Deposit,23272.99,2024-10-15
1907,5519,3,46,Fixed Deposit,32795.59,2024-07-24
1908,5024,3,20,Fixed Deposit,38157.27,2023-12-03
1909,1053,2,23,Checking,38258.24,2024-04-23
1910,4827,4,12,Savings,25209.01,2025-01-08
1911,2188,4,26,Savings,41623.38,2023-08-31
1912,5809,3,6,Savings,9352.99,2024-09-09
1913,7134,1,43,Checking,48172.74,2024-03-20
1914,377,5,24,Fixed Deposit,22566.25,2023-12-21
1915,5523,2,36,Current,28524.64,2023-12-09
1916,5848,3,21,Savings,18161.79,2025-05-29
1917,3423,4,42,Current,25682.83,2024-09-25
1918,7147,4,8,Fixed Deposit,32830.54,2025-07-04
1919,7606,2,21,Current,15583.82,2024-09-14
1920,1661,2,30,Checking,19550.3,2024-11-29
1921,3574,5,27,Current,45680.61,2024-06-11
1922,3919,2,26,Savings,16433.1,2024-04-20
1923,5787,2,17,Checking,27358.37,2023-08-17
1924,4299,2,19,Current,40426.22,2024-05-11
1925,7244,4,27,Fixed Deposit,40007.92,2025-03-18
1926,2734,1,14,Fixed Deposit,40576.53,2023-08-10
1927,457,5,15,Savings,8274.43,2025-02-14
1928,2143,2,11,Current,24267.23,2023-12-18
1929,7389,5,7,Current,41049.46,2024-11-08
1930,3804,2,47,Savings,23597.96,2025-03-13
1931,5634,4,29,Checking,1529.87,2024-09-13
1932,7052,4,40,Savings,49505.15,2023-10-27
1933,3938,5,27,Fixed Deposit,10479.55,2023-10-01
1934,4672,4,35,Savings,6547.01,2023-12-28
1935,3727,5,2,Current,16896.9,2023-10-16
1936,7407,2,42,Checking,35080.59,2025-05-23
1937,3915,1,10,Fixed Deposit,8709.44,2024-09-15
1938,6201,3,36,Savings,27694.52,2024-08-03
1939,4420,1,38,Fixed Deposit,38051.16,2024-06-27
1940,1438,2,21,Fixed Deposit,17743.22,2024-07-10
1941,38,4,26,Current,20237.35,2024-11-18
1942,799,4,44,Fixed Deposit,18613.4,2023-09-19
1943,1989,4,8,Fixed Deposit,37623.21,2023-09-01
1944,699,2,41,Checking,16876.54,2025-02-24
1945,1952,4,14,Fixed Deposit,4587.23,2024-11-25
1946,748,1,5,Savings,20730.15,2024-01-22
1947,5381,1,10,Checking,47026.35,2024-09-28
1948,5814,4,8,Fixed Deposit,33984.56,2023-12-25
1949,6041,5,43,Savings,7563.56,2025-02-12
1950,6985,3,48,Savings,44917.99,2024-06-07
1951,6872,5,40,Savings,27216.08,2024-09-22
1952,5625,3,11,Current,45267.65,2025-03-09
1953,5765,4,32,Current,41853.66,2023-11-28
1954,305,5,17,Checking,7274.02,2023-11-23
1955,4880,5,32,Fixed Deposit,5930.88,2024-08-28
1956,7277,5,6,Checking,12879.16,2023-11-22
1957,7812,4,34,Fixed Deposit,45844.95,2024-04-04
1958,1160,1,11,Checking,23728.81,2025-04-28
1959,1425,1,50,Savings,40736.52,2024-08-21
1960,6862,2,15,Savings,27367.81,2024-11-28
1961,2637,3,23,Savings,43413.85,2024-03-11
1962,38,5,4,Fixed Deposit,45190.58,2025-01-17
1963,5475,4,50,Fixed Deposit,47943.34,2024-05-28
1964,5793,5,25,Savings,41894.86,2025-04-04
1965,518,1,34,Savings,17816.86,2023-10-16
1966,1080,1,26,Savings,25632.09,2024-03-17
1967,1034,3,6,Current,1941.2,2024-09-23
1968,4079,4,30,Fixed Deposit,7289.17,2025-04-17
1969,1004,1,38,Current,1035.87,2023-09-22
1970,6289,4,17,Current,34755.4,2023-09-15
1971,85,5,44,Fixed Deposit,31450.77,2023-12-21
1972,3433,4,44,Savings,45929.19,2024-10-14
1973,603,3,40,Fixed Deposit,10495.81,2024-11-09
1974,2436,3,49,Fixed Deposit,46444.05,2024-02-08
1975,4566,4,3,Checking,30236.48,2023-08-11
1976,5596,4,16,Savings,17159.3,2025-04-21
1977,6607,3,18,Savings,12129.56,2024-07-26
1978,3129,5,21,Checking,40279.23,2024-12-12
1979,4966,1,46,Fixed Deposit,40464.62,2024-03-07
1980,2404,1,14,Checking,11556.64,2024-05-19
1981,6867,4,34,Current,33821.12,2023-12-20
1982,4597,1,36,Savings,35736.21,2024-02-08
1983,4262,2,21,Fixed Deposit,20410.37,2024-04-18
1984,5034,1,2,Current,30273.19,2025-02-02
1985,7797,1,1,Fixed Deposit,37306.25,2023-12-05
1986,5442,1,33,Checking,8707.86,2024-05-22
1987,5023,4,15,Current,13100.11,2024-02-10
1988,7267,1,47,Savings,38517.29,2025-04-19
1989,5831,4,11,Fixed Deposit,46518.97,2025-01-09
1990,5406,2,17,Current,43830.73,2024-09-16
1991,3578,3,7,Checking,36704.35,2023-12-21
1992,7925,5,30,Savings,8079.72,2024-05-12
1993,5932,5,32,Checking,15237.48,2024-06-10
1994,7220,4,26,Fixed Deposit,29950.51,2024-04-19
1995,880,2,24,Current,36609.69,2024-10-30
1996,3895,2,48,Savings,20396.31,2024-05-19
1997,4243,1,27,Savings,20959.97,2024-07-17
1998,636,1,32,Current,11424.55,2024-09-20
1999,2777,3,24,Savings,49301.88,2024-07-25
2000,3801,4,38,Checking,46555.28,2025-07-31
